customer_id,month,revenue
CUST-0001,2025-09-01,15.96
CUST-0001,2025-10-01,16.61
CUST-0001,2025-11-01,16.38
CUST-0001,2025-12-01,16.47
CUST-0001,2026-01-01,15.43
CUST-0001,2026-02-01,17.44
CUST-0001,2026-03-01,16.0
CUST-0001,2026-04-01,17.19
CUST-0001,2026-05-01,16.1
CUST-0001,2026-06-01,16.1
CUST-0001,2026-07-01,17.31
CUST-0001,2026-08-01,17.17
CUST-0002,2025-09-01,45.87
CUST-0002,2025-10-01,46.87
CUST-0002,2025-11-01,44.96
CUST-0002,2025-12-01,45.47
CUST-0002,2026-01-01,44.29
CUST-0002,2026-02-01,47.14
CUST-0002,2026-03-01,44.23
CUST-0002,2026-04-01,48.19
CUST-0002,2026-05-01,44.92
CUST-0002,2026-06-01,45.53
CUST-0002,2026-07-01,46.87
CUST-0002,2026-08-01,45.53
CUST-0003,2025-09-01,19.26
CUST-0003,2025-10-01,19.47
CUST-0003,2025-11-01,20.19
CUST-0003,2025-12-01,18.97
CUST-0003,2026-01-01,19.39
CUST-0003,2026-02-01,19.5
CUST-0003,2026-03-01,20.16
CUST-0003,2026-04-01,19.41
CUST-0003,2026-05-01,20.9
CUST-0003,2026-06-01,19.37
CUST-0003,2026-07-01,19.3
CUST-0003,2026-08-01,19.36
CUST-0004,2025-09-01,17.67
CUST-0004,2025-10-01,17.88
CUST-0004,2025-11-01,18.25
CUST-0004,2025-12-01,19.5
CUST-0004,2026-01-01,18.63
CUST-0004,2026-02-01,18.29
CUST-0004,2026-03-01,19.56
CUST-0004,2026-04-01,19.81
CUST-0004,2026-05-01,19.59
CUST-0004,2026-06-01,18.01
CUST-0004,2026-07-01,18.28
CUST-0004,2026-08-01,20.0
CUST-0005,2025-09-01,45.35
CUST-0005,2025-10-01,44.44
CUST-0005,2025-11-01,46.21
CUST-0005,2025-12-01,46.73
CUST-0005,2026-01-01,43.89
CUST-0005,2026-02-01,45.31
CUST-0005,2026-03-01,46.58
CUST-0005,2026-04-01,42.84
CUST-0005,2026-05-01,44.94
CUST-0005,2026-06-01,40.79
CUST-0005,2026-07-01,38.91
CUST-0005,2026-08-01,37.54
CUST-0006,2025-09-01,19.22
CUST-0006,2025-10-01,18.62
CUST-0006,2025-11-01,18.37
CUST-0006,2025-12-01,18.9
CUST-0006,2026-01-01,17.99
CUST-0006,2026-02-01,19.18
CUST-0006,2026-03-01,19.71
CUST-0006,2026-04-01,18.8
CUST-0006,2026-05-01,18.71
CUST-0006,2026-06-01,19.14
CUST-0006,2026-07-01,17.33
CUST-0006,2026-08-01,19.26
CUST-0007,2025-09-01,107.24
CUST-0007,2025-10-01,94.93
CUST-0007,2025-11-01,94.95
CUST-0007,2025-12-01,98.24
CUST-0007,2026-01-01,101.68
CUST-0007,2026-02-01,99.12
CUST-0007,2026-03-01,87.17
CUST-0007,2026-04-01,97.55
CUST-0007,2026-05-01,105.21
CUST-0007,2026-06-01,97.78
CUST-0007,2026-07-01,90.99
CUST-0007,2026-08-01,96.48
CUST-0008,2025-09-01,18.24
CUST-0008,2025-10-01,20.17
CUST-0008,2025-11-01,18.49
CUST-0008,2025-12-01,19.28
CUST-0008,2026-01-01,18.56
CUST-0008,2026-02-01,18.8
CUST-0008,2026-03-01,20.36
CUST-0008,2026-04-01,19.3
CUST-0008,2026-05-01,18.79
CUST-0008,2026-06-01,18.34
CUST-0008,2026-07-01,17.78
CUST-0008,2026-08-01,18.26
CUST-0009,2025-09-01,48.53
CUST-0009,2025-10-01,50.2
CUST-0009,2025-11-01,47.23
CUST-0009,2025-12-01,51.34
CUST-0009,2026-01-01,46.92
CUST-0009,2026-02-01,47.85
CUST-0009,2026-03-01,46.22
CUST-0009,2026-04-01,50.22
CUST-0009,2026-05-01,52.36
CUST-0009,2026-06-01,44.91
CUST-0009,2026-07-01,47.64
CUST-0009,2026-08-01,50.75
CUST-0010,2025-09-01,44.7
CUST-0010,2025-10-01,48.53
CUST-0010,2025-11-01,49.77
CUST-0010,2025-12-01,47.6
CUST-0010,2026-01-01,48.49
CUST-0010,2026-02-01,50.79
CUST-0010,2026-03-01,51.15
CUST-0010,2026-04-01,47.33
CUST-0010,2026-05-01,46.44
CUST-0010,2026-06-01,45.7
CUST-0010,2026-07-01,49.3
CUST-0010,2026-08-01,44.85
CUST-0011,2025-09-01,48.07
CUST-0011,2025-10-01,48.76
CUST-0011,2025-11-01,47.58
CUST-0011,2025-12-01,49.1
CUST-0011,2026-01-01,53.54
CUST-0011,2026-02-01,48.32
CUST-0011,2026-03-01,47.71
CUST-0011,2026-04-01,50.53
CUST-0011,2026-05-01,49.03
CUST-0011,2026-06-01,51.36
CUST-0011,2026-07-01,48.88
CUST-0011,2026-08-01,48.08
CUST-0012,2025-09-01,44.86
CUST-0012,2025-10-01,45.18
CUST-0012,2025-11-01,44.76
CUST-0012,2025-12-01,49.04
CUST-0012,2026-01-01,45.68
CUST-0012,2026-02-01,50.74
CUST-0012,2026-03-01,48.37
CUST-0012,2026-04-01,47.84
CUST-0012,2026-05-01,46.68
CUST-0012,2026-06-01,49.51
CUST-0012,2026-07-01,46.76
CUST-0012,2026-08-01,46.41
CUST-0013,2025-09-01,50.74
CUST-0013,2025-10-01,49.13
CUST-0013,2025-11-01,47.98
CUST-0013,2025-12-01,49.68
CUST-0013,2026-01-01,48.46
CUST-0013,2026-02-01,49.18
CUST-0013,2026-03-01,46.86
CUST-0013,2026-04-01,52.45
CUST-0013,2026-05-01,47.32
CUST-0013,2026-06-01,51.45
CUST-0013,2026-07-01,48.07
CUST-0013,2026-08-01,50.0
CUST-0014,2025-09-01,99.38
CUST-0014,2025-10-01,100.97
CUST-0014,2025-11-01,93.29
CUST-0014,2025-12-01,100.69
CUST-0014,2026-01-01,103.67
CUST-0014,2026-02-01,95.54
CUST-0014,2026-03-01,96.67
CUST-0014,2026-04-01,94.52
CUST-0014,2026-05-01,95.2
CUST-0014,2026-06-01,103.15
CUST-0014,2026-07-01,92.66
CUST-0014,2026-08-01,92.9
CUST-0015,2025-09-01,20.02
CUST-0015,2025-10-01,19.28
CUST-0015,2025-11-01,20.41
CUST-0015,2025-12-01,18.47
CUST-0015,2026-01-01,18.91
CUST-0015,2026-02-01,18.31
CUST-0015,2026-03-01,18.92
CUST-0015,2026-04-01,17.48
CUST-0015,2026-05-01,19.33
CUST-0015,2026-06-01,19.05
CUST-0015,2026-07-01,18.77
CUST-0015,2026-08-01,18.52
CUST-0016,2025-09-01,17.15
CUST-0016,2025-10-01,18.31
CUST-0016,2025-11-01,16.96
CUST-0016,2025-12-01,18.15
CUST-0016,2026-01-01,19.27
CUST-0016,2026-02-01,18.85
CUST-0016,2026-03-01,16.72
CUST-0016,2026-04-01,17.41
CUST-0016,2026-05-01,18.09
CUST-0016,2026-06-01,17.08
CUST-0016,2026-07-01,15.47
CUST-0016,2026-08-01,16.07
CUST-0017,2025-09-01,49.95
CUST-0017,2025-10-01,53.8
CUST-0017,2025-11-01,49.46
CUST-0017,2025-12-01,52.3
CUST-0017,2026-01-01,47.44
CUST-0017,2026-02-01,47.92
CUST-0017,2026-03-01,51.41
CUST-0017,2026-04-01,52.14
CUST-0017,2026-05-01,48.06
CUST-0017,2026-06-01,50.02
CUST-0017,2026-07-01,47.21
CUST-0017,2026-08-01,49.61
CUST-0018,2025-09-01,88.52
CUST-0018,2025-10-01,84.16
CUST-0018,2025-11-01,84.8
CUST-0018,2025-12-01,81.78
CUST-0018,2026-01-01,83.43
CUST-0018,2026-02-01,91.67
CUST-0018,2026-03-01,85.9
CUST-0018,2026-04-01,82.22
CUST-0018,2026-05-01,84.57
CUST-0018,2026-06-01,80.18
CUST-0018,2026-07-01,82.18
CUST-0018,2026-08-01,90.31
CUST-0019,2025-09-01,18.47
CUST-0019,2025-10-01,19.99
CUST-0019,2025-11-01,18.51
CUST-0019,2025-12-01,18.55
CUST-0019,2026-01-01,19.06
CUST-0019,2026-02-01,16.59
CUST-0019,2026-03-01,18.73
CUST-0019,2026-04-01,18.54
CUST-0019,2026-05-01,19.68
CUST-0019,2026-06-01,19.3
CUST-0019,2026-07-01,17.74
CUST-0019,2026-08-01,19.5
CUST-0020,2025-09-01,47.81
CUST-0020,2025-10-01,46.57
CUST-0020,2025-11-01,48.7
CUST-0020,2025-12-01,47.93
CUST-0020,2026-01-01,51.29
CUST-0020,2026-02-01,48.98
CUST-0020,2026-03-01,48.72
CUST-0020,2026-04-01,50.06
CUST-0020,2026-05-01,50.43
CUST-0020,2026-06-01,49.83
CUST-0020,2026-07-01,51.06
CUST-0020,2026-08-01,49.5
CUST-0021,2025-09-01,91.06
CUST-0021,2025-10-01,94.93
CUST-0021,2025-11-01,90.12
CUST-0021,2025-12-01,90.57
CUST-0021,2026-01-01,96.68
CUST-0021,2026-02-01,96.32
CUST-0021,2026-03-01,90.42
CUST-0021,2026-04-01,88.81
CUST-0021,2026-05-01,95.74
CUST-0021,2026-06-01,93.35
CUST-0021,2026-07-01,91.59
CUST-0021,2026-08-01,89.29
CUST-0022,2025-09-01,51.12
CUST-0022,2025-10-01,50.41
CUST-0022,2025-11-01,49.11
CUST-0022,2025-12-01,50.71
CUST-0022,2026-01-01,50.99
CUST-0022,2026-02-01,49.69
CUST-0022,2026-03-01,52.27
CUST-0022,2026-04-01,53.05
CUST-0022,2026-05-01,52.41
CUST-0022,2026-06-01,49.89
CUST-0022,2026-07-01,51.98
CUST-0022,2026-08-01,50.61
CUST-0023,2025-09-01,93.8
CUST-0023,2025-10-01,101.34
CUST-0023,2025-11-01,99.26
CUST-0023,2025-12-01,108.92
CUST-0023,2026-01-01,104.43
CUST-0023,2026-02-01,101.49
CUST-0023,2026-03-01,99.66
CUST-0023,2026-04-01,99.33
CUST-0023,2026-05-01,94.72
CUST-0023,2026-06-01,91.82
CUST-0023,2026-07-01,95.24
CUST-0023,2026-08-01,98.49
CUST-0024,2025-09-01,45.12
CUST-0024,2025-10-01,48.2
CUST-0024,2025-11-01,48.78
CUST-0024,2025-12-01,48.85
CUST-0024,2026-01-01,47.97
CUST-0024,2026-02-01,48.6
CUST-0024,2026-03-01,52.67
CUST-0024,2026-04-01,50.57
CUST-0024,2026-05-01,48.17
CUST-0024,2026-06-01,49.14
CUST-0024,2026-07-01,49.21
CUST-0024,2026-08-01,47.76
CUST-0025,2025-09-01,49.69
CUST-0025,2025-10-01,53.34
CUST-0025,2025-11-01,50.41
CUST-0025,2025-12-01,49.02
CUST-0025,2026-01-01,51.18
CUST-0025,2026-02-01,51.51
CUST-0025,2026-03-01,47.22
CUST-0025,2026-04-01,51.19
CUST-0025,2026-05-01,53.05
CUST-0025,2026-06-01,52.2
CUST-0025,2026-07-01,55.84
CUST-0025,2026-08-01,53.84
CUST-0026,2025-09-01,20.55
CUST-0026,2025-10-01,21.6
CUST-0026,2025-11-01,20.01
CUST-0026,2025-12-01,19.55
CUST-0026,2026-01-01,20.18
CUST-0026,2026-02-01,18.99
CUST-0026,2026-03-01,19.5
CUST-0026,2026-04-01,18.92
CUST-0026,2026-05-01,19.73
CUST-0026,2026-06-01,18.91
CUST-0026,2026-07-01,18.89
CUST-0026,2026-08-01,19.74
CUST-0027,2025-09-01,92.72
CUST-0027,2025-10-01,86.04
CUST-0027,2025-11-01,87.8
CUST-0027,2025-12-01,88.95
CUST-0027,2026-01-01,89.94
CUST-0027,2026-02-01,94.78
CUST-0027,2026-03-01,94.05
CUST-0027,2026-04-01,97.2
CUST-0027,2026-05-01,96.04
CUST-0027,2026-06-01,97.23
CUST-0027,2026-07-01,95.5
CUST-0027,2026-08-01,94.01
CUST-0028,2025-09-01,18.52
CUST-0028,2025-10-01,18.39
CUST-0028,2025-11-01,18.01
CUST-0028,2025-12-01,18.64
CUST-0028,2026-01-01,16.08
CUST-0028,2026-02-01,17.53
CUST-0028,2026-03-01,17.52
CUST-0028,2026-04-01,18.56
CUST-0028,2026-05-01,18.86
CUST-0028,2026-06-01,16.71
CUST-0028,2026-07-01,18.74
CUST-0028,2026-08-01,16.91
CUST-0029,2025-09-01,43.45
CUST-0029,2025-10-01,45.1
CUST-0029,2025-11-01,44.95
CUST-0029,2025-12-01,42.69
CUST-0029,2026-01-01,46.71
CUST-0029,2026-02-01,46.77
CUST-0029,2026-03-01,47.45
CUST-0029,2026-04-01,44.74
CUST-0029,2026-05-01,45.46
CUST-0029,2026-06-01,45.47
CUST-0029,2026-07-01,48.6
CUST-0029,2026-08-01,40.37
CUST-0030,2025-09-01,43.96
CUST-0030,2025-10-01,45.72
CUST-0030,2025-11-01,43.73
CUST-0030,2025-12-01,45.24
CUST-0030,2026-01-01,45.48
CUST-0030,2026-02-01,44.51
CUST-0030,2026-03-01,45.83
CUST-0030,2026-04-01,46.86
CUST-0030,2026-05-01,45.28
CUST-0030,2026-06-01,44.88
CUST-0030,2026-07-01,45.41
CUST-0030,2026-08-01,45.7
CUST-0031,2025-09-01,44.22
CUST-0031,2025-10-01,48.41
CUST-0031,2025-11-01,46.67
CUST-0031,2025-12-01,49.93
CUST-0031,2026-01-01,48.65
CUST-0031,2026-02-01,49.75
CUST-0031,2026-03-01,45.61
CUST-0031,2026-04-01,46.82
CUST-0031,2026-05-01,45.17
CUST-0031,2026-06-01,46.19
CUST-0031,2026-07-01,49.91
CUST-0031,2026-08-01,50.36
CUST-0032,2025-09-01,45.62
CUST-0032,2025-10-01,46.94
CUST-0032,2025-11-01,47.67
CUST-0032,2025-12-01,48.94
CUST-0032,2026-01-01,44.45
CUST-0032,2026-02-01,44.75
CUST-0032,2026-03-01,48.76
CUST-0032,2026-04-01,44.09
CUST-0032,2026-05-01,46.97
CUST-0032,2026-06-01,48.13
CUST-0032,2026-07-01,48.62
CUST-0032,2026-08-01,47.55
CUST-0033,2025-09-01,50.91
CUST-0033,2025-10-01,53.42
CUST-0033,2025-11-01,52.26
CUST-0033,2025-12-01,50.33
CUST-0033,2026-01-01,51.75
CUST-0033,2026-02-01,52.46
CUST-0033,2026-03-01,55.22
CUST-0033,2026-04-01,53.3
CUST-0033,2026-05-01,54.18
CUST-0033,2026-06-01,50.41
CUST-0033,2026-07-01,50.59
CUST-0033,2026-08-01,51.18
CUST-0034,2025-09-01,89.14
CUST-0034,2025-10-01,86.04
CUST-0034,2025-11-01,94.19
CUST-0034,2025-12-01,92.82
CUST-0034,2026-01-01,88.55
CUST-0034,2026-02-01,91.95
CUST-0034,2026-03-01,90.45
CUST-0034,2026-04-01,92.23
CUST-0034,2026-05-01,84.83
CUST-0034,2026-06-01,89.13
CUST-0034,2026-07-01,89.44
CUST-0034,2026-08-01,91.89
CUST-0035,2025-09-01,45.6
CUST-0035,2025-10-01,42.1
CUST-0035,2025-11-01,44.76
CUST-0035,2025-12-01,46.67
CUST-0035,2026-01-01,46.9
CUST-0035,2026-02-01,49.93
CUST-0035,2026-03-01,47.87
CUST-0035,2026-04-01,46.93
CUST-0035,2026-05-01,46.72
CUST-0035,2026-06-01,48.85
CUST-0035,2026-07-01,45.68
CUST-0035,2026-08-01,46.52
CUST-0036,2025-09-01,47.95
CUST-0036,2025-10-01,52.98
CUST-0036,2025-11-01,50.92
CUST-0036,2025-12-01,48.71
CUST-0036,2026-01-01,49.9
CUST-0036,2026-02-01,51.15
CUST-0036,2026-03-01,49.63
CUST-0036,2026-04-01,49.06
CUST-0036,2026-05-01,48.82
CUST-0036,2026-06-01,50.81
CUST-0036,2026-07-01,49.41
CUST-0036,2026-08-01,49.22
CUST-0037,2025-09-01,17.92
CUST-0037,2025-10-01,18.99
CUST-0037,2025-11-01,18.79
CUST-0037,2025-12-01,18.69
CUST-0037,2026-01-01,19.08
CUST-0037,2026-02-01,19.5
CUST-0037,2026-03-01,19.46
CUST-0037,2026-04-01,19.35
CUST-0037,2026-05-01,18.75
CUST-0037,2026-06-01,17.77
CUST-0037,2026-07-01,16.69
CUST-0037,2026-08-01,16.3
CUST-0038,2025-09-01,44.41
CUST-0038,2025-10-01,42.98
CUST-0038,2025-11-01,44.55
CUST-0038,2025-12-01,42.67
CUST-0038,2026-01-01,41.43
CUST-0038,2026-02-01,45.83
CUST-0038,2026-03-01,43.54
CUST-0038,2026-04-01,42.89
CUST-0038,2026-05-01,42.44
CUST-0038,2026-06-01,45.13
CUST-0038,2026-07-01,46.82
CUST-0038,2026-08-01,43.66
CUST-0039,2025-09-01,49.49
CUST-0039,2025-10-01,52.06
CUST-0039,2025-11-01,46.3
CUST-0039,2025-12-01,53.85
CUST-0039,2026-01-01,54.8
CUST-0039,2026-02-01,44.52
CUST-0039,2026-03-01,49.73
CUST-0039,2026-04-01,48.48
CUST-0039,2026-05-01,49.39
CUST-0039,2026-06-01,47.11
CUST-0039,2026-07-01,47.58
CUST-0039,2026-08-01,43.76
CUST-0040,2025-09-01,15.78
CUST-0040,2025-10-01,16.27
CUST-0040,2025-11-01,16.72
CUST-0040,2025-12-01,15.6
CUST-0040,2026-01-01,15.3
CUST-0040,2026-02-01,17.69
CUST-0040,2026-03-01,15.96
CUST-0040,2026-04-01,16.29
CUST-0040,2026-05-01,16.12
CUST-0040,2026-06-01,16.74
CUST-0040,2026-07-01,17.54
CUST-0040,2026-08-01,16.76
CUST-0041,2025-09-01,15.3
CUST-0041,2025-10-01,15.39
CUST-0041,2025-11-01,16.03
CUST-0041,2025-12-01,16.12
CUST-0041,2026-01-01,15.17
CUST-0041,2026-02-01,16.82
CUST-0041,2026-03-01,15.58
CUST-0041,2026-04-01,17.26
CUST-0041,2026-05-01,17.48
CUST-0041,2026-06-01,16.13
CUST-0041,2026-07-01,16.58
CUST-0041,2026-08-01,15.49
CUST-0042,2025-09-01,50.94
CUST-0042,2025-10-01,48.71
CUST-0042,2025-11-01,47.54
CUST-0042,2025-12-01,49.12
CUST-0042,2026-01-01,48.77
CUST-0042,2026-02-01,49.05
CUST-0042,2026-03-01,51.59
CUST-0042,2026-04-01,48.14
CUST-0042,2026-05-01,53.15
CUST-0042,2026-06-01,47.07
CUST-0042,2026-07-01,52.91
CUST-0042,2026-08-01,47.68
CUST-0043,2025-09-01,50.8
CUST-0043,2025-10-01,49.8
CUST-0043,2025-11-01,50.1
CUST-0043,2025-12-01,52.43
CUST-0043,2026-01-01,53.85
CUST-0043,2026-02-01,53.22
CUST-0043,2026-03-01,49.98
CUST-0043,2026-04-01,51.17
CUST-0043,2026-05-01,49.21
CUST-0043,2026-06-01,48.79
CUST-0043,2026-07-01,48.47
CUST-0043,2026-08-01,49.91
CUST-0044,2025-09-01,41.83
CUST-0044,2025-10-01,38.25
CUST-0044,2025-11-01,41.34
CUST-0044,2025-12-01,43.93
CUST-0044,2026-01-01,43.28
CUST-0044,2026-02-01,40.45
CUST-0044,2026-03-01,39.11
CUST-0044,2026-04-01,42.18
CUST-0044,2026-05-01,37.58
CUST-0044,2026-06-01,43.26
CUST-0044,2026-07-01,41.07
CUST-0044,2026-08-01,44.45
CUST-0045,2025-09-01,17.4
CUST-0045,2025-10-01,19.38
CUST-0045,2025-11-01,18.61
CUST-0045,2025-12-01,18.44
CUST-0045,2026-01-01,17.67
CUST-0045,2026-02-01,19.14
CUST-0045,2026-03-01,19.2
CUST-0045,2026-04-01,20.02
CUST-0045,2026-05-01,19.44
CUST-0045,2026-06-01,18.25
CUST-0045,2026-07-01,17.94
CUST-0045,2026-08-01,17.67
CUST-0046,2025-09-01,20.16
CUST-0046,2025-10-01,18.45
CUST-0046,2025-11-01,20.17
CUST-0046,2025-12-01,19.44
CUST-0046,2026-01-01,19.29
CUST-0046,2026-02-01,18.81
CUST-0046,2026-03-01,19.54
CUST-0046,2026-04-01,19.03
CUST-0046,2026-05-01,18.76
CUST-0046,2026-06-01,19.57
CUST-0046,2026-07-01,18.93
CUST-0046,2026-08-01,18.43
CUST-0047,2025-09-01,21.19
CUST-0047,2025-10-01,20.64
CUST-0047,2025-11-01,21.09
CUST-0047,2025-12-01,20.31
CUST-0047,2026-01-01,19.69
CUST-0047,2026-02-01,22.13
CUST-0047,2026-03-01,21.97
CUST-0047,2026-04-01,21.42
CUST-0047,2026-05-01,20.37
CUST-0047,2026-06-01,20.44
CUST-0047,2026-07-01,21.83
CUST-0047,2026-08-01,20.4
CUST-0048,2025-09-01,46.58
CUST-0048,2025-10-01,51.37
CUST-0048,2025-11-01,47.7
CUST-0048,2025-12-01,51.17
CUST-0048,2026-01-01,45.12
CUST-0048,2026-02-01,48.78
CUST-0048,2026-03-01,51.75
CUST-0048,2026-04-01,47.85
CUST-0048,2026-05-01,47.29
CUST-0048,2026-06-01,45.56
CUST-0048,2026-07-01,49.86
CUST-0048,2026-08-01,46.32
CUST-0049,2025-09-01,91.46
CUST-0049,2025-10-01,87.28
CUST-0049,2025-11-01,97.53
CUST-0049,2025-12-01,96.05
CUST-0049,2026-01-01,91.69
CUST-0049,2026-02-01,87.57
CUST-0049,2026-03-01,97.45
CUST-0049,2026-04-01,90.47
CUST-0049,2026-05-01,87.75
CUST-0049,2026-06-01,85.34
CUST-0049,2026-07-01,89.44
CUST-0049,2026-08-01,86.47
CUST-0050,2025-09-01,19.96
CUST-0050,2025-10-01,21.08
CUST-0050,2025-11-01,20.16
CUST-0050,2025-12-01,20.76
CUST-0050,2026-01-01,19.88
CUST-0050,2026-02-01,20.52
CUST-0050,2026-03-01,22.04
CUST-0050,2026-04-01,20.18
CUST-0050,2026-05-01,20.78
CUST-0050,2026-06-01,19.19
CUST-0050,2026-07-01,21.71
CUST-0050,2026-08-01,20.08
CUST-0051,2025-09-01,50.1
CUST-0051,2025-10-01,47.84
CUST-0051,2025-11-01,49.26
CUST-0051,2025-12-01,49.37
CUST-0051,2026-01-01,47.21
CUST-0051,2026-02-01,50.18
CUST-0051,2026-03-01,46.62
CUST-0051,2026-04-01,49.58
CUST-0051,2026-05-01,47.33
CUST-0051,2026-06-01,48.75
CUST-0051,2026-07-01,47.19
CUST-0051,2026-08-01,48.18
CUST-0052,2025-09-01,18.84
CUST-0052,2025-10-01,19.88
CUST-0052,2025-11-01,19.72
CUST-0052,2025-12-01,19.26
CUST-0052,2026-01-01,19.65
CUST-0052,2026-02-01,19.8
CUST-0052,2026-03-01,19.2
CUST-0052,2026-04-01,19.59
CUST-0052,2026-05-01,18.9
CUST-0052,2026-06-01,20.63
CUST-0052,2026-07-01,18.71
CUST-0052,2026-08-01,17.19
CUST-0053,2025-09-01,18.43
CUST-0053,2025-10-01,16.21
CUST-0053,2025-11-01,15.8
CUST-0053,2025-12-01,17.32
CUST-0053,2026-01-01,16.63
CUST-0053,2026-02-01,17.43
CUST-0053,2026-03-01,17.74
CUST-0053,2026-04-01,18.25
CUST-0053,2026-05-01,16.8
CUST-0053,2026-06-01,17.88
CUST-0053,2026-07-01,17.61
CUST-0053,2026-08-01,17.84
CUST-0054,2025-09-01,16.6
CUST-0054,2025-10-01,17.89
CUST-0054,2025-11-01,16.88
CUST-0054,2025-12-01,18.15
CUST-0054,2026-01-01,16.41
CUST-0054,2026-02-01,17.45
CUST-0054,2026-03-01,16.91
CUST-0054,2026-04-01,16.73
CUST-0054,2026-05-01,17.38
CUST-0054,2026-06-01,16.75
CUST-0054,2026-07-01,15.15
CUST-0054,2026-08-01,14.87
CUST-0055,2025-09-01,18.31
CUST-0055,2025-10-01,18.28
CUST-0055,2025-11-01,18.74
CUST-0055,2025-12-01,17.41
CUST-0055,2026-01-01,16.52
CUST-0055,2026-02-01,17.13
CUST-0055,2026-03-01,17.43
CUST-0055,2026-04-01,16.72
CUST-0055,2026-05-01,18.57
CUST-0055,2026-06-01,18.98
CUST-0055,2026-07-01,17.75
CUST-0055,2026-08-01,17.41
CUST-0056,2025-09-01,44.01
CUST-0056,2025-10-01,49.28
CUST-0056,2025-11-01,46.55
CUST-0056,2025-12-01,45.87
CUST-0056,2026-01-01,47.3
CUST-0056,2026-02-01,45.32
CUST-0056,2026-03-01,46.68
CUST-0056,2026-04-01,43.73
CUST-0056,2026-05-01,48.43
CUST-0056,2026-06-01,46.22
CUST-0056,2026-07-01,48.56
CUST-0056,2026-08-01,46.04
CUST-0057,2025-09-01,102.59
CUST-0057,2025-10-01,98.15
CUST-0057,2025-11-01,106.28
CUST-0057,2025-12-01,99.54
CUST-0057,2026-01-01,101.14
CUST-0057,2026-02-01,103.15
CUST-0057,2026-03-01,103.65
CUST-0057,2026-04-01,96.11
CUST-0057,2026-05-01,102.2
CUST-0057,2026-06-01,102.55
CUST-0057,2026-07-01,93.84
CUST-0057,2026-08-01,90.59
CUST-0058,2025-09-01,19.07
CUST-0058,2025-10-01,18.85
CUST-0058,2025-11-01,18.17
CUST-0058,2025-12-01,18.92
CUST-0058,2026-01-01,19.7
CUST-0058,2026-02-01,18.15
CUST-0058,2026-03-01,18.67
CUST-0058,2026-04-01,17.9
CUST-0058,2026-05-01,19.66
CUST-0058,2026-06-01,18.88
CUST-0058,2026-07-01,18.31
CUST-0058,2026-08-01,19.02
CUST-0059,2025-09-01,43.6
CUST-0059,2025-10-01,43.92
CUST-0059,2025-11-01,43.13
CUST-0059,2025-12-01,43.86
CUST-0059,2026-01-01,48.3
CUST-0059,2026-02-01,44.47
CUST-0059,2026-03-01,46.66
CUST-0059,2026-04-01,44.28
CUST-0059,2026-05-01,47.2
CUST-0059,2026-06-01,43.93
CUST-0059,2026-07-01,45.88
CUST-0059,2026-08-01,45.91
CUST-0060,2025-09-01,51.56
CUST-0060,2025-10-01,48.36
CUST-0060,2025-11-01,46.05
CUST-0060,2025-12-01,48.46
CUST-0060,2026-01-01,51.2
CUST-0060,2026-02-01,44.1
CUST-0060,2026-03-01,45.58
CUST-0060,2026-04-01,46.72
CUST-0060,2026-05-01,46.38
CUST-0060,2026-06-01,44.33
CUST-0060,2026-07-01,40.28
CUST-0060,2026-08-01,43.18
CUST-0061,2025-09-01,92.34
CUST-0061,2025-10-01,97.13
CUST-0061,2025-11-01,102.01
CUST-0061,2025-12-01,97.79
CUST-0061,2026-01-01,94.07
CUST-0061,2026-02-01,92.63
CUST-0061,2026-03-01,97.01
CUST-0061,2026-04-01,94.95
CUST-0061,2026-05-01,98.71
CUST-0061,2026-06-01,92.42
CUST-0061,2026-07-01,101.09
CUST-0061,2026-08-01,98.36
CUST-0062,2025-09-01,50.12
CUST-0062,2025-10-01,52.61
CUST-0062,2025-11-01,48.87
CUST-0062,2025-12-01,48.3
CUST-0062,2026-01-01,48.65
CUST-0062,2026-02-01,49.36
CUST-0062,2026-03-01,49.56
CUST-0062,2026-04-01,48.09
CUST-0062,2026-05-01,45.71
CUST-0062,2026-06-01,48.62
CUST-0062,2026-07-01,50.46
CUST-0062,2026-08-01,50.01
CUST-0063,2025-09-01,19.85
CUST-0063,2025-10-01,20.42
CUST-0063,2025-11-01,19.52
CUST-0063,2025-12-01,19.99
CUST-0063,2026-01-01,19.52
CUST-0063,2026-02-01,20.24
CUST-0063,2026-03-01,20.34
CUST-0063,2026-04-01,19.66
CUST-0063,2026-05-01,19.48
CUST-0063,2026-06-01,18.78
CUST-0063,2026-07-01,18.91
CUST-0063,2026-08-01,18.68
CUST-0064,2025-09-01,41.44
CUST-0064,2025-10-01,39.27
CUST-0064,2025-11-01,40.13
CUST-0064,2025-12-01,36.63
CUST-0064,2026-01-01,43.23
CUST-0064,2026-02-01,40.08
CUST-0064,2026-03-01,41.18
CUST-0064,2026-04-01,42.8
CUST-0064,2026-05-01,40.93
CUST-0064,2026-06-01,42.78
CUST-0064,2026-07-01,38.43
CUST-0064,2026-08-01,44.32
CUST-0065,2025-09-01,18.05
CUST-0065,2025-10-01,17.44
CUST-0065,2025-11-01,18.29
CUST-0065,2025-12-01,16.49
CUST-0065,2026-01-01,17.1
CUST-0065,2026-02-01,18.3
CUST-0065,2026-03-01,16.01
CUST-0065,2026-04-01,17.69
CUST-0065,2026-05-01,17.67
CUST-0065,2026-06-01,18.66
CUST-0065,2026-07-01,16.2
CUST-0065,2026-08-01,18.41
CUST-0066,2025-09-01,92.68
CUST-0066,2025-10-01,93.1
CUST-0066,2025-11-01,90.17
CUST-0066,2025-12-01,90.67
CUST-0066,2026-01-01,96.33
CUST-0066,2026-02-01,90.58
CUST-0066,2026-03-01,97.61
CUST-0066,2026-04-01,92.29
CUST-0066,2026-05-01,90.2
CUST-0066,2026-06-01,92.8
CUST-0066,2026-07-01,96.08
CUST-0066,2026-08-01,93.75
CUST-0067,2025-09-01,17.98
CUST-0067,2025-10-01,18.46
CUST-0067,2025-11-01,18.74
CUST-0067,2025-12-01,17.74
CUST-0067,2026-01-01,17.21
CUST-0067,2026-02-01,18.01
CUST-0067,2026-03-01,18.3
CUST-0067,2026-04-01,16.91
CUST-0067,2026-05-01,17.32
CUST-0067,2026-06-01,17.44
CUST-0067,2026-07-01,17.81
CUST-0067,2026-08-01,17.41
CUST-0068,2025-09-01,51.4
CUST-0068,2025-10-01,46.78
CUST-0068,2025-11-01,46.83
CUST-0068,2025-12-01,49.32
CUST-0068,2026-01-01,49.64
CUST-0068,2026-02-01,47.08
CUST-0068,2026-03-01,48.78
CUST-0068,2026-04-01,49.19
CUST-0068,2026-05-01,49.2
CUST-0068,2026-06-01,50.29
CUST-0068,2026-07-01,48.67
CUST-0068,2026-08-01,52.95
CUST-0069,2025-09-01,19.63
CUST-0069,2025-10-01,18.63
CUST-0069,2025-11-01,19.32
CUST-0069,2025-12-01,19.35
CUST-0069,2026-01-01,20.19
CUST-0069,2026-02-01,18.79
CUST-0069,2026-03-01,19.84
CUST-0069,2026-04-01,19.28
CUST-0069,2026-05-01,20.4
CUST-0069,2026-06-01,20.24
CUST-0069,2026-07-01,19.4
CUST-0069,2026-08-01,19.05
CUST-0070,2025-09-01,49.23
CUST-0070,2025-10-01,47.9
CUST-0070,2025-11-01,51.49
CUST-0070,2025-12-01,48.4
CUST-0070,2026-01-01,47.47
CUST-0070,2026-02-01,47.36
CUST-0070,2026-03-01,45.91
CUST-0070,2026-04-01,49.32
CUST-0070,2026-05-01,46.67
CUST-0070,2026-06-01,50.37
CUST-0070,2026-07-01,45.75
CUST-0070,2026-08-01,48.5
CUST-0071,2025-09-01,100.82
CUST-0071,2025-10-01,88.09
CUST-0071,2025-11-01,104.17
CUST-0071,2025-12-01,94.75
CUST-0071,2026-01-01,96.93
CUST-0071,2026-02-01,98.59
CUST-0071,2026-03-01,99.19
CUST-0071,2026-04-01,97.45
CUST-0071,2026-05-01,100.24
CUST-0071,2026-06-01,98.39
CUST-0071,2026-07-01,103.18
CUST-0071,2026-08-01,98.4
CUST-0072,2025-09-01,49.59
CUST-0072,2025-10-01,47.64
CUST-0072,2025-11-01,42.66
CUST-0072,2025-12-01,50.78
CUST-0072,2026-01-01,44.92
CUST-0072,2026-02-01,48.73
CUST-0072,2026-03-01,46.03
CUST-0072,2026-04-01,47.93
CUST-0072,2026-05-01,44.71
CUST-0072,2026-06-01,47.13
CUST-0072,2026-07-01,45.51
CUST-0072,2026-08-01,48.88
CUST-0073,2025-09-01,52.72
CUST-0073,2025-10-01,53.75
CUST-0073,2025-11-01,47.33
CUST-0073,2025-12-01,51.63
CUST-0073,2026-01-01,52.66
CUST-0073,2026-02-01,52.27
CUST-0073,2026-03-01,53.8
CUST-0073,2026-04-01,51.05
CUST-0073,2026-05-01,51.91
CUST-0073,2026-06-01,54.26
CUST-0073,2026-07-01,47.09
CUST-0073,2026-08-01,53.03
CUST-0074,2025-09-01,89.4
CUST-0074,2025-10-01,87.3
CUST-0074,2025-11-01,91.83
CUST-0074,2025-12-01,95.06
CUST-0074,2026-01-01,94.38
CUST-0074,2026-02-01,90.12
CUST-0074,2026-03-01,93.78
CUST-0074,2026-04-01,93.76
CUST-0074,2026-05-01,90.29
CUST-0074,2026-06-01,88.1
CUST-0074,2026-07-01,88.31
CUST-0074,2026-08-01,93.65
CUST-0075,2025-09-01,88.67
CUST-0075,2025-10-01,85.1
CUST-0075,2025-11-01,82.83
CUST-0075,2025-12-01,91.78
CUST-0075,2026-01-01,86.88
CUST-0075,2026-02-01,89.99
CUST-0075,2026-03-01,93.22
CUST-0075,2026-04-01,84.17
CUST-0075,2026-05-01,88.66
CUST-0075,2026-06-01,88.21
CUST-0075,2026-07-01,90.17
CUST-0075,2026-08-01,93.22
CUST-0076,2025-09-01,18.15
CUST-0076,2025-10-01,19.61
CUST-0076,2025-11-01,19.96
CUST-0076,2025-12-01,19.03
CUST-0076,2026-01-01,19.06
CUST-0076,2026-02-01,19.49
CUST-0076,2026-03-01,19.43
CUST-0076,2026-04-01,19.62
CUST-0076,2026-05-01,19.6
CUST-0076,2026-06-01,17.67
CUST-0076,2026-07-01,18.43
CUST-0076,2026-08-01,17.82
CUST-0077,2025-09-01,47.89
CUST-0077,2025-10-01,44.7
CUST-0077,2025-11-01,47.32
CUST-0077,2025-12-01,47.91
CUST-0077,2026-01-01,45.36
CUST-0077,2026-02-01,46.86
CUST-0077,2026-03-01,44.86
CUST-0077,2026-04-01,48.69
CUST-0077,2026-05-01,47.86
CUST-0077,2026-06-01,44.41
CUST-0077,2026-07-01,48.21
CUST-0077,2026-08-01,47.43
CUST-0078,2025-09-01,46.8
CUST-0078,2025-10-01,45.13
CUST-0078,2025-11-01,44.38
CUST-0078,2025-12-01,44.44
CUST-0078,2026-01-01,44.86
CUST-0078,2026-02-01,45.88
CUST-0078,2026-03-01,46.12
CUST-0078,2026-04-01,45.5
CUST-0078,2026-05-01,45.07
CUST-0078,2026-06-01,45.21
CUST-0078,2026-07-01,50.45
CUST-0078,2026-08-01,44.44
CUST-0079,2025-09-01,45.18
CUST-0079,2025-10-01,52.3
CUST-0079,2025-11-01,46.99
CUST-0079,2025-12-01,43.66
CUST-0079,2026-01-01,47.77
CUST-0079,2026-02-01,44.53
CUST-0079,2026-03-01,47.89
CUST-0079,2026-04-01,45.82
CUST-0079,2026-05-01,45.4
CUST-0079,2026-06-01,49.18
CUST-0079,2026-07-01,47.26
CUST-0079,2026-08-01,48.01
CUST-0080,2025-09-01,20.52
CUST-0080,2025-10-01,19.81
CUST-0080,2025-11-01,20.66
CUST-0080,2025-12-01,21.15
CUST-0080,2026-01-01,20.28
CUST-0080,2026-02-01,21.62
CUST-0080,2026-03-01,20.86
CUST-0080,2026-04-01,20.34
CUST-0080,2026-05-01,20.37
CUST-0080,2026-06-01,20.28
CUST-0080,2026-07-01,19.16
CUST-0080,2026-08-01,20.1
CUST-0081,2025-09-01,19.11
CUST-0081,2025-10-01,18.62
CUST-0081,2025-11-01,19.2
CUST-0081,2025-12-01,18.96
CUST-0081,2026-01-01,19.53
CUST-0081,2026-02-01,19.44
CUST-0081,2026-03-01,19.07
CUST-0081,2026-04-01,17.9
CUST-0081,2026-05-01,20.3
CUST-0081,2026-06-01,18.83
CUST-0081,2026-07-01,18.88
CUST-0081,2026-08-01,18.68
CUST-0082,2025-09-01,96.05
CUST-0082,2025-10-01,104.01
CUST-0082,2025-11-01,103.39
CUST-0082,2025-12-01,99.7
CUST-0082,2026-01-01,97.54
CUST-0082,2026-02-01,100.39
CUST-0082,2026-03-01,98.25
CUST-0082,2026-04-01,97.21
CUST-0082,2026-05-01,99.28
CUST-0082,2026-06-01,96.23
CUST-0082,2026-07-01,98.95
CUST-0082,2026-08-01,98.76
CUST-0083,2025-09-01,99.72
CUST-0083,2025-10-01,94.96
CUST-0083,2025-11-01,100.14
CUST-0083,2025-12-01,93.84
CUST-0083,2026-01-01,95.14
CUST-0083,2026-02-01,95.31
CUST-0083,2026-03-01,93.19
CUST-0083,2026-04-01,101.33
CUST-0083,2026-05-01,93.6
CUST-0083,2026-06-01,94.65
CUST-0083,2026-07-01,102.26
CUST-0083,2026-08-01,95.15
CUST-0084,2025-09-01,96.99
CUST-0084,2025-10-01,93.77
CUST-0084,2025-11-01,100.99
CUST-0084,2025-12-01,101.04
CUST-0084,2026-01-01,100.62
CUST-0084,2026-02-01,99.83
CUST-0084,2026-03-01,98.02
CUST-0084,2026-04-01,95.68
CUST-0084,2026-05-01,94.54
CUST-0084,2026-06-01,99.11
CUST-0084,2026-07-01,93.4
CUST-0084,2026-08-01,84.04
CUST-0085,2025-09-01,93.06
CUST-0085,2025-10-01,91.79
CUST-0085,2025-11-01,88.72
CUST-0085,2025-12-01,93.57
CUST-0085,2026-01-01,91.37
CUST-0085,2026-02-01,89.37
CUST-0085,2026-03-01,87.41
CUST-0085,2026-04-01,87.1
CUST-0085,2026-05-01,91.53
CUST-0085,2026-06-01,92.59
CUST-0085,2026-07-01,89.66
CUST-0085,2026-08-01,95.33
CUST-0086,2025-09-01,46.97
CUST-0086,2025-10-01,48.18
CUST-0086,2025-11-01,46.75
CUST-0086,2025-12-01,45.61
CUST-0086,2026-01-01,47.3
CUST-0086,2026-02-01,44.71
CUST-0086,2026-03-01,48.11
CUST-0086,2026-04-01,45.32
CUST-0086,2026-05-01,48.82
CUST-0086,2026-06-01,46.45
CUST-0086,2026-07-01,49.09
CUST-0086,2026-08-01,44.98
CUST-0087,2025-09-01,48.24
CUST-0087,2025-10-01,50.34
CUST-0087,2025-11-01,51.9
CUST-0087,2025-12-01,52.89
CUST-0087,2026-01-01,49.66
CUST-0087,2026-02-01,53.22
CUST-0087,2026-03-01,49.01
CUST-0087,2026-04-01,51.76
CUST-0087,2026-05-01,47.71
CUST-0087,2026-06-01,50.41
CUST-0087,2026-07-01,44.94
CUST-0087,2026-08-01,47.36
CUST-0088,2025-09-01,47.1
CUST-0088,2025-10-01,43.81
CUST-0088,2025-11-01,47.03
CUST-0088,2025-12-01,47.92
CUST-0088,2026-01-01,45.31
CUST-0088,2026-02-01,44.45
CUST-0088,2026-03-01,45.36
CUST-0088,2026-04-01,44.45
CUST-0088,2026-05-01,46.05
CUST-0088,2026-06-01,46.43
CUST-0088,2026-07-01,45.67
CUST-0088,2026-08-01,49.34
CUST-0089,2025-09-01,45.29
CUST-0089,2025-10-01,49.23
CUST-0089,2025-11-01,44.69
CUST-0089,2025-12-01,46.77
CUST-0089,2026-01-01,48.84
CUST-0089,2026-02-01,48.74
CUST-0089,2026-03-01,45.85
CUST-0089,2026-04-01,47.67
CUST-0089,2026-05-01,47.42
CUST-0089,2026-06-01,43.67
CUST-0089,2026-07-01,43.88
CUST-0089,2026-08-01,44.25
CUST-0090,2025-09-01,55.27
CUST-0090,2025-10-01,55.48
CUST-0090,2025-11-01,55.71
CUST-0090,2025-12-01,51.08
CUST-0090,2026-01-01,55.25
CUST-0090,2026-02-01,52.04
CUST-0090,2026-03-01,52.97
CUST-0090,2026-04-01,58.94
CUST-0090,2026-05-01,53.7
CUST-0090,2026-06-01,52.64
CUST-0090,2026-07-01,56.75
CUST-0090,2026-08-01,52.19
CUST-0091,2025-09-01,16.65
CUST-0091,2025-10-01,17.8
CUST-0091,2025-11-01,16.98
CUST-0091,2025-12-01,15.89
CUST-0091,2026-01-01,17.32
CUST-0091,2026-02-01,16.68
CUST-0091,2026-03-01,17.99
CUST-0091,2026-04-01,16.54
CUST-0091,2026-05-01,17.66
CUST-0091,2026-06-01,18.15
CUST-0091,2026-07-01,16.37
CUST-0091,2026-08-01,16.82
CUST-0092,2025-09-01,47.83
CUST-0092,2025-10-01,45.48
CUST-0092,2025-11-01,47.61
CUST-0092,2025-12-01,46.68
CUST-0092,2026-01-01,46.64
CUST-0092,2026-02-01,47.19
CUST-0092,2026-03-01,47.23
CUST-0092,2026-04-01,47.41
CUST-0092,2026-05-01,45.97
CUST-0092,2026-06-01,46.05
CUST-0092,2026-07-01,46.88
CUST-0092,2026-08-01,47.02
CUST-0093,2025-09-01,20.0
CUST-0093,2025-10-01,20.62
CUST-0093,2025-11-01,18.88
CUST-0093,2025-12-01,19.77
CUST-0093,2026-01-01,20.13
CUST-0093,2026-02-01,19.66
CUST-0093,2026-03-01,21.69
CUST-0093,2026-04-01,20.38
CUST-0093,2026-05-01,20.5
CUST-0093,2026-06-01,19.97
CUST-0093,2026-07-01,20.35
CUST-0093,2026-08-01,19.37
CUST-0094,2025-09-01,18.18
CUST-0094,2025-10-01,17.61
CUST-0094,2025-11-01,18.1
CUST-0094,2025-12-01,16.43
CUST-0094,2026-01-01,17.47
CUST-0094,2026-02-01,19.37
CUST-0094,2026-03-01,18.91
CUST-0094,2026-04-01,19.27
CUST-0094,2026-05-01,19.32
CUST-0094,2026-06-01,18.79
CUST-0094,2026-07-01,17.97
CUST-0094,2026-08-01,17.54
CUST-0095,2025-09-01,52.73
CUST-0095,2025-10-01,50.55
CUST-0095,2025-11-01,55.45
CUST-0095,2025-12-01,49.68
CUST-0095,2026-01-01,54.4
CUST-0095,2026-02-01,50.1
CUST-0095,2026-03-01,53.11
CUST-0095,2026-04-01,53.84
CUST-0095,2026-05-01,48.36
CUST-0095,2026-06-01,49.44
CUST-0095,2026-07-01,48.34
CUST-0095,2026-08-01,47.94
CUST-0096,2025-09-01,49.96
CUST-0096,2025-10-01,48.28
CUST-0096,2025-11-01,48.76
CUST-0096,2025-12-01,49.74
CUST-0096,2026-01-01,45.04
CUST-0096,2026-02-01,51.16
CUST-0096,2026-03-01,47.98
CUST-0096,2026-04-01,49.7
CUST-0096,2026-05-01,49.87
CUST-0096,2026-06-01,51.33
CUST-0096,2026-07-01,48.46
CUST-0096,2026-08-01,44.53
CUST-0097,2025-09-01,17.8
CUST-0097,2025-10-01,17.9
CUST-0097,2025-11-01,17.03
CUST-0097,2025-12-01,17.86
CUST-0097,2026-01-01,17.5
CUST-0097,2026-02-01,16.81
CUST-0097,2026-03-01,18.24
CUST-0097,2026-04-01,17.36
CUST-0097,2026-05-01,17.47
CUST-0097,2026-06-01,17.43
CUST-0097,2026-07-01,18.64
CUST-0097,2026-08-01,17.73
CUST-0098,2025-09-01,93.55
CUST-0098,2025-10-01,91.61
CUST-0098,2025-11-01,94.98
CUST-0098,2025-12-01,98.28
CUST-0098,2026-01-01,95.67
CUST-0098,2026-02-01,95.81
CUST-0098,2026-03-01,95.51
CUST-0098,2026-04-01,88.1
CUST-0098,2026-05-01,89.98
CUST-0098,2026-06-01,92.49
CUST-0098,2026-07-01,90.54
CUST-0098,2026-08-01,89.28
CUST-0099,2025-09-01,76.73
CUST-0099,2025-10-01,78.47
CUST-0099,2025-11-01,82.09
CUST-0099,2025-12-01,82.71
CUST-0099,2026-01-01,80.31
CUST-0099,2026-02-01,83.2
CUST-0099,2026-03-01,81.5
CUST-0099,2026-04-01,86.56
CUST-0099,2026-05-01,82.4
CUST-0099,2026-06-01,85.25
CUST-0099,2026-07-01,83.61
CUST-0099,2026-08-01,78.29
CUST-0100,2025-09-01,17.9
CUST-0100,2025-10-01,17.08
CUST-0100,2025-11-01,17.89
CUST-0100,2025-12-01,17.43
CUST-0100,2026-01-01,18.24
CUST-0100,2026-02-01,17.01
CUST-0100,2026-03-01,17.98
CUST-0100,2026-04-01,18.38
CUST-0100,2026-05-01,18.62
CUST-0100,2026-06-01,17.42
CUST-0100,2026-07-01,17.98
CUST-0100,2026-08-01,18.1
CUST-0101,2025-09-01,20.47
CUST-0101,2025-10-01,18.14
CUST-0101,2025-11-01,18.58
CUST-0101,2025-12-01,21.44
CUST-0101,2026-01-01,19.07
CUST-0101,2026-02-01,17.82
CUST-0101,2026-03-01,18.83
CUST-0101,2026-04-01,17.14
CUST-0101,2026-05-01,19.47
CUST-0101,2026-06-01,19.9
CUST-0101,2026-07-01,18.58
CUST-0101,2026-08-01,18.92
CUST-0102,2025-09-01,20.45
CUST-0102,2025-10-01,18.34
CUST-0102,2025-11-01,18.68
CUST-0102,2025-12-01,19.54
CUST-0102,2026-01-01,19.13
CUST-0102,2026-02-01,19.49
CUST-0102,2026-03-01,18.72
CUST-0102,2026-04-01,19.89
CUST-0102,2026-05-01,19.6
CUST-0102,2026-06-01,20.15
CUST-0102,2026-07-01,19.88
CUST-0102,2026-08-01,19.88
CUST-0103,2025-09-01,41.73
CUST-0103,2025-10-01,45.16
CUST-0103,2025-11-01,43.7
CUST-0103,2025-12-01,43.99
CUST-0103,2026-01-01,46.15
CUST-0103,2026-02-01,43.02
CUST-0103,2026-03-01,46.68
CUST-0103,2026-04-01,46.85
CUST-0103,2026-05-01,45.62
CUST-0103,2026-06-01,42.55
CUST-0103,2026-07-01,40.42
CUST-0103,2026-08-01,46.2
CUST-0104,2025-09-01,83.44
CUST-0104,2025-10-01,80.59
CUST-0104,2025-11-01,86.97
CUST-0104,2025-12-01,80.21
CUST-0104,2026-01-01,81.66
CUST-0104,2026-02-01,84.81
CUST-0104,2026-03-01,79.37
CUST-0104,2026-04-01,82.71
CUST-0104,2026-05-01,86.69
CUST-0104,2026-06-01,83.77
CUST-0104,2026-07-01,87.21
CUST-0104,2026-08-01,86.84
CUST-0105,2025-09-01,17.03
CUST-0105,2025-10-01,15.43
CUST-0105,2025-11-01,16.27
CUST-0105,2025-12-01,17.54
CUST-0105,2026-01-01,15.96
CUST-0105,2026-02-01,16.8
CUST-0105,2026-03-01,17.25
CUST-0105,2026-04-01,18.02
CUST-0105,2026-05-01,16.63
CUST-0105,2026-06-01,16.58
CUST-0105,2026-07-01,16.98
CUST-0105,2026-08-01,17.26
CUST-0106,2025-09-01,52.6
CUST-0106,2025-10-01,55.15
CUST-0106,2025-11-01,51.24
CUST-0106,2025-12-01,53.18
CUST-0106,2026-01-01,53.87
CUST-0106,2026-02-01,52.08
CUST-0106,2026-03-01,54.71
CUST-0106,2026-04-01,53.25
CUST-0106,2026-05-01,54.6
CUST-0106,2026-06-01,53.34
CUST-0106,2026-07-01,53.73
CUST-0106,2026-08-01,51.59
CUST-0107,2025-09-01,17.39
CUST-0107,2025-10-01,18.71
CUST-0107,2025-11-01,18.29
CUST-0107,2025-12-01,17.11
CUST-0107,2026-01-01,17.97
CUST-0107,2026-02-01,16.15
CUST-0107,2026-03-01,17.43
CUST-0107,2026-04-01,18.53
CUST-0107,2026-05-01,17.75
CUST-0107,2026-06-01,17.92
CUST-0107,2026-07-01,15.69
CUST-0107,2026-08-01,17.56
CUST-0108,2025-09-01,18.48
CUST-0108,2025-10-01,18.57
CUST-0108,2025-11-01,18.93
CUST-0108,2025-12-01,18.08
CUST-0108,2026-01-01,18.11
CUST-0108,2026-02-01,17.26
CUST-0108,2026-03-01,18.08
CUST-0108,2026-04-01,17.31
CUST-0108,2026-05-01,16.88
CUST-0108,2026-06-01,17.44
CUST-0108,2026-07-01,19.33
CUST-0108,2026-08-01,18.03
CUST-0109,2025-09-01,97.68
CUST-0109,2025-10-01,94.84
CUST-0109,2025-11-01,89.89
CUST-0109,2025-12-01,100.46
CUST-0109,2026-01-01,88.42
CUST-0109,2026-02-01,94.68
CUST-0109,2026-03-01,96.62
CUST-0109,2026-04-01,97.72
CUST-0109,2026-05-01,94.02
CUST-0109,2026-06-01,89.71
CUST-0109,2026-07-01,93.73
CUST-0109,2026-08-01,93.93
CUST-0110,2025-09-01,17.73
CUST-0110,2025-10-01,19.01
CUST-0110,2025-11-01,17.41
CUST-0110,2025-12-01,18.52
CUST-0110,2026-01-01,18.42
CUST-0110,2026-02-01,19.0
CUST-0110,2026-03-01,18.2
CUST-0110,2026-04-01,18.88
CUST-0110,2026-05-01,18.17
CUST-0110,2026-06-01,18.62
CUST-0110,2026-07-01,17.2
CUST-0110,2026-08-01,16.37
CUST-0111,2025-09-01,17.08
CUST-0111,2025-10-01,17.12
CUST-0111,2025-11-01,17.15
CUST-0111,2025-12-01,16.48
CUST-0111,2026-01-01,17.83
CUST-0111,2026-02-01,16.52
CUST-0111,2026-03-01,17.11
CUST-0111,2026-04-01,17.23
CUST-0111,2026-05-01,17.99
CUST-0111,2026-06-01,16.62
CUST-0111,2026-07-01,16.39
CUST-0111,2026-08-01,15.82
CUST-0112,2025-09-01,48.58
CUST-0112,2025-10-01,46.51
CUST-0112,2025-11-01,46.57
CUST-0112,2025-12-01,51.44
CUST-0112,2026-01-01,46.33
CUST-0112,2026-02-01,43.36
CUST-0112,2026-03-01,45.38
CUST-0112,2026-04-01,43.96
CUST-0112,2026-05-01,45.02
CUST-0112,2026-06-01,45.0
CUST-0112,2026-07-01,44.67
CUST-0112,2026-08-01,43.19
CUST-0113,2025-09-01,47.12
CUST-0113,2025-10-01,44.83
CUST-0113,2025-11-01,43.9
CUST-0113,2025-12-01,45.64
CUST-0113,2026-01-01,45.13
CUST-0113,2026-02-01,44.79
CUST-0113,2026-03-01,45.51
CUST-0113,2026-04-01,44.54
CUST-0113,2026-05-01,45.49
CUST-0113,2026-06-01,45.63
CUST-0113,2026-07-01,44.59
CUST-0113,2026-08-01,43.91
CUST-0114,2025-09-01,85.7
CUST-0114,2025-10-01,79.22
CUST-0114,2025-11-01,82.02
CUST-0114,2025-12-01,82.1
CUST-0114,2026-01-01,78.79
CUST-0114,2026-02-01,78.15
CUST-0114,2026-03-01,79.62
CUST-0114,2026-04-01,79.17
CUST-0114,2026-05-01,76.05
CUST-0114,2026-06-01,78.66
CUST-0114,2026-07-01,81.62
CUST-0114,2026-08-01,84.85
CUST-0115,2025-09-01,95.38
CUST-0115,2025-10-01,83.61
CUST-0115,2025-11-01,95.7
CUST-0115,2025-12-01,91.23
CUST-0115,2026-01-01,95.0
CUST-0115,2026-02-01,93.26
CUST-0115,2026-03-01,92.59
CUST-0115,2026-04-01,92.93
CUST-0115,2026-05-01,93.23
CUST-0115,2026-06-01,98.33
CUST-0115,2026-07-01,93.24
CUST-0115,2026-08-01,97.36
CUST-0116,2025-09-01,18.74
CUST-0116,2025-10-01,18.54
CUST-0116,2025-11-01,16.77
CUST-0116,2025-12-01,18.87
CUST-0116,2026-01-01,17.73
CUST-0116,2026-02-01,18.58
CUST-0116,2026-03-01,17.36
CUST-0116,2026-04-01,17.2
CUST-0116,2026-05-01,19.49
CUST-0116,2026-06-01,17.37
CUST-0116,2026-07-01,18.89
CUST-0116,2026-08-01,18.15
CUST-0117,2025-09-01,17.38
CUST-0117,2025-10-01,17.65
CUST-0117,2025-11-01,16.76
CUST-0117,2025-12-01,17.67
CUST-0117,2026-01-01,16.91
CUST-0117,2026-02-01,17.4
CUST-0117,2026-03-01,18.33
CUST-0117,2026-04-01,17.86
CUST-0117,2026-05-01,16.63
CUST-0117,2026-06-01,18.28
CUST-0117,2026-07-01,17.67
CUST-0117,2026-08-01,17.3
CUST-0118,2025-09-01,51.46
CUST-0118,2025-10-01,49.64
CUST-0118,2025-11-01,47.64
CUST-0118,2025-12-01,53.66
CUST-0118,2026-01-01,49.94
CUST-0118,2026-02-01,49.81
CUST-0118,2026-03-01,49.16
CUST-0118,2026-04-01,52.33
CUST-0118,2026-05-01,48.92
CUST-0118,2026-06-01,44.96
CUST-0118,2026-07-01,44.77
CUST-0118,2026-08-01,46.86
CUST-0119,2025-09-01,18.44
CUST-0119,2025-10-01,17.67
CUST-0119,2025-11-01,18.83
CUST-0119,2025-12-01,18.38
CUST-0119,2026-01-01,17.66
CUST-0119,2026-02-01,17.73
CUST-0119,2026-03-01,18.09
CUST-0119,2026-04-01,17.26
CUST-0119,2026-05-01,17.85
CUST-0119,2026-06-01,18.07
CUST-0119,2026-07-01,16.65
CUST-0119,2026-08-01,17.71
CUST-0120,2025-09-01,101.29
CUST-0120,2025-10-01,106.75
CUST-0120,2025-11-01,94.97
CUST-0120,2025-12-01,100.97
CUST-0120,2026-01-01,100.55
CUST-0120,2026-02-01,106.47
CUST-0120,2026-03-01,102.35
CUST-0120,2026-04-01,109.9
CUST-0120,2026-05-01,105.25
CUST-0120,2026-06-01,100.85
CUST-0120,2026-07-01,103.51
CUST-0120,2026-08-01,101.08
CUST-0121,2025-09-01,45.3
CUST-0121,2025-10-01,41.46
CUST-0121,2025-11-01,42.35
CUST-0121,2025-12-01,44.59
CUST-0121,2026-01-01,45.94
CUST-0121,2026-02-01,39.93
CUST-0121,2026-03-01,46.2
CUST-0121,2026-04-01,43.54
CUST-0121,2026-05-01,40.49
CUST-0121,2026-06-01,38.53
CUST-0121,2026-07-01,41.11
CUST-0121,2026-08-01,43.76
CUST-0122,2025-09-01,20.51
CUST-0122,2025-10-01,21.08
CUST-0122,2025-11-01,20.11
CUST-0122,2025-12-01,19.65
CUST-0122,2026-01-01,20.22
CUST-0122,2026-02-01,20.59
CUST-0122,2026-03-01,20.75
CUST-0122,2026-04-01,19.91
CUST-0122,2026-05-01,21.3
CUST-0122,2026-06-01,20.05
CUST-0122,2026-07-01,19.84
CUST-0122,2026-08-01,20.11
CUST-0123,2025-09-01,84.96
CUST-0123,2025-10-01,81.03
CUST-0123,2025-11-01,79.2
CUST-0123,2025-12-01,84.48
CUST-0123,2026-01-01,88.44
CUST-0123,2026-02-01,82.14
CUST-0123,2026-03-01,85.48
CUST-0123,2026-04-01,84.84
CUST-0123,2026-05-01,79.49
CUST-0123,2026-06-01,81.55
CUST-0123,2026-07-01,77.28
CUST-0123,2026-08-01,80.79
CUST-0124,2025-09-01,17.51
CUST-0124,2025-10-01,17.67
CUST-0124,2025-11-01,17.42
CUST-0124,2025-12-01,17.75
CUST-0124,2026-01-01,18.34
CUST-0124,2026-02-01,17.87
CUST-0124,2026-03-01,16.62
CUST-0124,2026-04-01,17.42
CUST-0124,2026-05-01,16.87
CUST-0124,2026-06-01,18.14
CUST-0124,2026-07-01,18.32
CUST-0124,2026-08-01,18.14
CUST-0125,2025-09-01,43.6
CUST-0125,2025-10-01,45.46
CUST-0125,2025-11-01,44.17
CUST-0125,2025-12-01,42.97
CUST-0125,2026-01-01,46.36
CUST-0125,2026-02-01,46.49
CUST-0125,2026-03-01,46.73
CUST-0125,2026-04-01,43.92
CUST-0125,2026-05-01,47.14
CUST-0125,2026-06-01,44.13
CUST-0125,2026-07-01,46.2
CUST-0125,2026-08-01,44.1
CUST-0126,2025-09-01,52.6
CUST-0126,2025-10-01,47.94
CUST-0126,2025-11-01,52.44
CUST-0126,2025-12-01,53.27
CUST-0126,2026-01-01,52.21
CUST-0126,2026-02-01,56.81
CUST-0126,2026-03-01,50.61
CUST-0126,2026-04-01,51.88
CUST-0126,2026-05-01,51.16
CUST-0126,2026-06-01,51.88
CUST-0126,2026-07-01,55.27
CUST-0126,2026-08-01,56.22
CUST-0127,2025-09-01,45.95
CUST-0127,2025-10-01,45.91
CUST-0127,2025-11-01,45.09
CUST-0127,2025-12-01,49.75
CUST-0127,2026-01-01,49.4
CUST-0127,2026-02-01,47.08
CUST-0127,2026-03-01,44.64
CUST-0127,2026-04-01,44.81
CUST-0127,2026-05-01,47.6
CUST-0127,2026-06-01,48.32
CUST-0127,2026-07-01,43.37
CUST-0127,2026-08-01,46.67
CUST-0128,2025-09-01,53.64
CUST-0128,2025-10-01,49.94
CUST-0128,2025-11-01,53.38
CUST-0128,2025-12-01,51.69
CUST-0128,2026-01-01,48.19
CUST-0128,2026-02-01,49.79
CUST-0128,2026-03-01,50.12
CUST-0128,2026-04-01,48.46
CUST-0128,2026-05-01,48.43
CUST-0128,2026-06-01,51.55
CUST-0128,2026-07-01,44.68
CUST-0128,2026-08-01,46.96
CUST-0129,2025-09-01,45.78
CUST-0129,2025-10-01,46.54
CUST-0129,2025-11-01,47.64
CUST-0129,2025-12-01,45.47
CUST-0129,2026-01-01,47.65
CUST-0129,2026-02-01,42.78
CUST-0129,2026-03-01,47.41
CUST-0129,2026-04-01,41.99
CUST-0129,2026-05-01,46.17
CUST-0129,2026-06-01,48.18
CUST-0129,2026-07-01,47.75
CUST-0129,2026-08-01,44.17
CUST-0130,2025-09-01,85.05
CUST-0130,2025-10-01,86.76
CUST-0130,2025-11-01,89.88
CUST-0130,2025-12-01,81.97
CUST-0130,2026-01-01,89.17
CUST-0130,2026-02-01,90.33
CUST-0130,2026-03-01,88.21
CUST-0130,2026-04-01,91.09
CUST-0130,2026-05-01,90.02
CUST-0130,2026-06-01,87.29
CUST-0130,2026-07-01,82.31
CUST-0130,2026-08-01,89.7
CUST-0131,2025-09-01,83.61
CUST-0131,2025-10-01,84.91
CUST-0131,2025-11-01,88.59
CUST-0131,2025-12-01,91.85
CUST-0131,2026-01-01,86.79
CUST-0131,2026-02-01,88.85
CUST-0131,2026-03-01,81.9
CUST-0131,2026-04-01,87.77
CUST-0131,2026-05-01,86.71
CUST-0131,2026-06-01,91.19
CUST-0131,2026-07-01,85.04
CUST-0131,2026-08-01,86.08
CUST-0132,2025-09-01,45.58
CUST-0132,2025-10-01,43.57
CUST-0132,2025-11-01,41.79
CUST-0132,2025-12-01,48.19
CUST-0132,2026-01-01,41.84
CUST-0132,2026-02-01,43.62
CUST-0132,2026-03-01,44.34
CUST-0132,2026-04-01,44.2
CUST-0132,2026-05-01,43.4
CUST-0132,2026-06-01,43.41
CUST-0132,2026-07-01,43.32
CUST-0132,2026-08-01,41.78
CUST-0133,2025-09-01,19.32
CUST-0133,2025-10-01,17.63
CUST-0133,2025-11-01,18.21
CUST-0133,2025-12-01,17.55
CUST-0133,2026-01-01,17.54
CUST-0133,2026-02-01,17.47
CUST-0133,2026-03-01,16.69
CUST-0133,2026-04-01,17.68
CUST-0133,2026-05-01,17.5
CUST-0133,2026-06-01,18.62
CUST-0133,2026-07-01,16.94
CUST-0133,2026-08-01,17.38
CUST-0134,2025-09-01,48.18
CUST-0134,2025-10-01,52.86
CUST-0134,2025-11-01,48.24
CUST-0134,2025-12-01,51.1
CUST-0134,2026-01-01,51.92
CUST-0134,2026-02-01,49.69
CUST-0134,2026-03-01,47.23
CUST-0134,2026-04-01,47.25
CUST-0134,2026-05-01,51.7
CUST-0134,2026-06-01,47.46
CUST-0134,2026-07-01,50.76
CUST-0134,2026-08-01,50.21
CUST-0135,2025-09-01,94.85
CUST-0135,2025-10-01,95.2
CUST-0135,2025-11-01,89.95
CUST-0135,2025-12-01,89.79
CUST-0135,2026-01-01,96.11
CUST-0135,2026-02-01,91.09
CUST-0135,2026-03-01,83.16
CUST-0135,2026-04-01,95.86
CUST-0135,2026-05-01,89.57
CUST-0135,2026-06-01,95.19
CUST-0135,2026-07-01,98.65
CUST-0135,2026-08-01,93.5
CUST-0136,2025-09-01,20.07
CUST-0136,2025-10-01,19.42
CUST-0136,2025-11-01,20.53
CUST-0136,2025-12-01,18.48
CUST-0136,2026-01-01,19.29
CUST-0136,2026-02-01,19.82
CUST-0136,2026-03-01,19.15
CUST-0136,2026-04-01,20.19
CUST-0136,2026-05-01,18.97
CUST-0136,2026-06-01,20.9
CUST-0136,2026-07-01,20.94
CUST-0136,2026-08-01,19.52
CUST-0137,2025-09-01,44.48
CUST-0137,2025-10-01,45.59
CUST-0137,2025-11-01,41.45
CUST-0137,2025-12-01,41.24
CUST-0137,2026-01-01,45.71
CUST-0137,2026-02-01,44.0
CUST-0137,2026-03-01,43.13
CUST-0137,2026-04-01,43.54
CUST-0137,2026-05-01,39.37
CUST-0137,2026-06-01,43.19
CUST-0137,2026-07-01,42.21
CUST-0137,2026-08-01,45.12
CUST-0138,2025-09-01,49.12
CUST-0138,2025-10-01,48.33
CUST-0138,2025-11-01,47.99
CUST-0138,2025-12-01,44.41
CUST-0138,2026-01-01,48.36
CUST-0138,2026-02-01,48.43
CUST-0138,2026-03-01,49.59
CUST-0138,2026-04-01,51.24
CUST-0138,2026-05-01,44.04
CUST-0138,2026-06-01,46.51
CUST-0138,2026-07-01,45.84
CUST-0138,2026-08-01,47.57
CUST-0139,2025-09-01,17.62
CUST-0139,2025-10-01,17.45
CUST-0139,2025-11-01,18.33
CUST-0139,2025-12-01,16.83
CUST-0139,2026-01-01,16.88
CUST-0139,2026-02-01,16.89
CUST-0139,2026-03-01,17.36
CUST-0139,2026-04-01,16.74
CUST-0139,2026-05-01,17.58
CUST-0139,2026-06-01,16.83
CUST-0139,2026-07-01,15.73
CUST-0139,2026-08-01,16.24
CUST-0140,2025-09-01,47.09
CUST-0140,2025-10-01,49.21
CUST-0140,2025-11-01,46.83
CUST-0140,2025-12-01,47.15
CUST-0140,2026-01-01,46.14
CUST-0140,2026-02-01,47.19
CUST-0140,2026-03-01,48.54
CUST-0140,2026-04-01,46.42
CUST-0140,2026-05-01,48.18
CUST-0140,2026-06-01,45.67
CUST-0140,2026-07-01,48.63
CUST-0140,2026-08-01,46.11
CUST-0141,2025-09-01,18.96
CUST-0141,2025-10-01,18.38
CUST-0141,2025-11-01,19.46
CUST-0141,2025-12-01,17.49
CUST-0141,2026-01-01,17.26
CUST-0141,2026-02-01,17.89
CUST-0141,2026-03-01,17.32
CUST-0141,2026-04-01,17.33
CUST-0141,2026-05-01,18.8
CUST-0141,2026-06-01,18.34
CUST-0141,2026-07-01,17.99
CUST-0141,2026-08-01,18.06
CUST-0142,2025-09-01,48.25
CUST-0142,2025-10-01,52.69
CUST-0142,2025-11-01,47.98
CUST-0142,2025-12-01,46.82
CUST-0142,2026-01-01,51.0
CUST-0142,2026-02-01,49.0
CUST-0142,2026-03-01,53.46
CUST-0142,2026-04-01,48.39
CUST-0142,2026-05-01,51.1
CUST-0142,2026-06-01,51.57
CUST-0142,2026-07-01,48.4
CUST-0142,2026-08-01,47.96
CUST-0143,2025-09-01,98.08
CUST-0143,2025-10-01,97.45
CUST-0143,2025-11-01,89.89
CUST-0143,2025-12-01,90.96
CUST-0143,2026-01-01,85.6
CUST-0143,2026-02-01,97.53
CUST-0143,2026-03-01,94.26
CUST-0143,2026-04-01,94.64
CUST-0143,2026-05-01,88.81
CUST-0143,2026-06-01,91.08
CUST-0143,2026-07-01,93.44
CUST-0143,2026-08-01,92.7
CUST-0144,2025-09-01,99.75
CUST-0144,2025-10-01,101.6
CUST-0144,2025-11-01,108.29
CUST-0144,2025-12-01,99.2
CUST-0144,2026-01-01,103.71
CUST-0144,2026-02-01,95.98
CUST-0144,2026-03-01,92.63
CUST-0144,2026-04-01,97.88
CUST-0144,2026-05-01,92.94
CUST-0144,2026-06-01,99.34
CUST-0144,2026-07-01,96.18
CUST-0144,2026-08-01,91.52
CUST-0145,2025-09-01,47.34
CUST-0145,2025-10-01,43.32
CUST-0145,2025-11-01,41.37
CUST-0145,2025-12-01,45.86
CUST-0145,2026-01-01,42.98
CUST-0145,2026-02-01,46.2
CUST-0145,2026-03-01,42.97
CUST-0145,2026-04-01,43.31
CUST-0145,2026-05-01,44.88
CUST-0145,2026-06-01,45.32
CUST-0145,2026-07-01,45.63
CUST-0145,2026-08-01,44.11
CUST-0146,2025-09-01,17.1
CUST-0146,2025-10-01,17.25
CUST-0146,2025-11-01,16.88
CUST-0146,2025-12-01,16.65
CUST-0146,2026-01-01,15.78
CUST-0146,2026-02-01,17.15
CUST-0146,2026-03-01,16.78
CUST-0146,2026-04-01,16.47
CUST-0146,2026-05-01,17.61
CUST-0146,2026-06-01,15.79
CUST-0146,2026-07-01,17.85
CUST-0146,2026-08-01,16.74
CUST-0147,2025-09-01,48.97
CUST-0147,2025-10-01,47.6
CUST-0147,2025-11-01,45.14
CUST-0147,2025-12-01,48.09
CUST-0147,2026-01-01,49.01
CUST-0147,2026-02-01,49.67
CUST-0147,2026-03-01,47.98
CUST-0147,2026-04-01,44.12
CUST-0147,2026-05-01,45.38
CUST-0147,2026-06-01,52.33
CUST-0147,2026-07-01,46.25
CUST-0147,2026-08-01,51.12
CUST-0148,2025-09-01,91.85
CUST-0148,2025-10-01,94.71
CUST-0148,2025-11-01,97.8
CUST-0148,2025-12-01,92.28
CUST-0148,2026-01-01,101.49
CUST-0148,2026-02-01,95.7
CUST-0148,2026-03-01,97.17
CUST-0148,2026-04-01,94.39
CUST-0148,2026-05-01,97.92
CUST-0148,2026-06-01,101.44
CUST-0148,2026-07-01,94.91
CUST-0148,2026-08-01,102.01
CUST-0149,2025-09-01,42.65
CUST-0149,2025-10-01,45.06
CUST-0149,2025-11-01,44.58
CUST-0149,2025-12-01,41.85
CUST-0149,2026-01-01,44.09
CUST-0149,2026-02-01,43.73
CUST-0149,2026-03-01,42.23
CUST-0149,2026-04-01,44.35
CUST-0149,2026-05-01,43.98
CUST-0149,2026-06-01,43.59
CUST-0149,2026-07-01,43.6
CUST-0149,2026-08-01,43.56
CUST-0150,2025-09-01,90.65
CUST-0150,2025-10-01,92.51
CUST-0150,2025-11-01,89.63
CUST-0150,2025-12-01,101.78
CUST-0150,2026-01-01,86.81
CUST-0150,2026-02-01,89.85
CUST-0150,2026-03-01,90.14
CUST-0150,2026-04-01,99.51
CUST-0150,2026-05-01,87.14
CUST-0150,2026-06-01,90.15
CUST-0150,2026-07-01,86.08
CUST-0150,2026-08-01,82.97
CUST-0151,2025-09-01,17.61
CUST-0151,2025-10-01,17.6
CUST-0151,2025-11-01,16.48
CUST-0151,2025-12-01,16.91
CUST-0151,2026-01-01,15.53
CUST-0151,2026-02-01,16.85
CUST-0151,2026-03-01,16.25
CUST-0151,2026-04-01,16.65
CUST-0151,2026-05-01,15.65
CUST-0151,2026-06-01,17.05
CUST-0151,2026-07-01,15.64
CUST-0151,2026-08-01,16.88
CUST-0152,2025-09-01,80.25
CUST-0152,2025-10-01,81.52
CUST-0152,2025-11-01,88.29
CUST-0152,2025-12-01,86.37
CUST-0152,2026-01-01,88.27
CUST-0152,2026-02-01,89.66
CUST-0152,2026-03-01,81.78
CUST-0152,2026-04-01,89.45
CUST-0152,2026-05-01,79.44
CUST-0152,2026-06-01,86.91
CUST-0152,2026-07-01,82.72
CUST-0152,2026-08-01,81.25
CUST-0153,2025-09-01,19.08
CUST-0153,2025-10-01,19.32
CUST-0153,2025-11-01,19.3
CUST-0153,2025-12-01,18.78
CUST-0153,2026-01-01,18.72
CUST-0153,2026-02-01,19.01
CUST-0153,2026-03-01,18.85
CUST-0153,2026-04-01,19.02
CUST-0153,2026-05-01,18.77
CUST-0153,2026-06-01,19.25
CUST-0153,2026-07-01,17.41
CUST-0153,2026-08-01,18.52
CUST-0154,2025-09-01,16.51
CUST-0154,2025-10-01,17.67
CUST-0154,2025-11-01,18.63
CUST-0154,2025-12-01,17.15
CUST-0154,2026-01-01,17.57
CUST-0154,2026-02-01,18.01
CUST-0154,2026-03-01,16.03
CUST-0154,2026-04-01,17.11
CUST-0154,2026-05-01,17.73
CUST-0154,2026-06-01,15.45
CUST-0154,2026-07-01,16.8
CUST-0154,2026-08-01,18.25
CUST-0155,2025-09-01,42.73
CUST-0155,2025-10-01,41.7
CUST-0155,2025-11-01,42.53
CUST-0155,2025-12-01,41.43
CUST-0155,2026-01-01,41.99
CUST-0155,2026-02-01,40.56
CUST-0155,2026-03-01,41.27
CUST-0155,2026-04-01,40.04
CUST-0155,2026-05-01,43.16
CUST-0155,2026-06-01,43.58
CUST-0155,2026-07-01,43.35
CUST-0155,2026-08-01,40.41
CUST-0156,2025-09-01,19.91
CUST-0156,2025-10-01,21.76
CUST-0156,2025-11-01,21.15
CUST-0156,2025-12-01,20.97
CUST-0156,2026-01-01,20.18
CUST-0156,2026-02-01,21.05
CUST-0156,2026-03-01,19.8
CUST-0156,2026-04-01,21.23
CUST-0156,2026-05-01,21.84
CUST-0156,2026-06-01,22.05
CUST-0156,2026-07-01,21.29
CUST-0156,2026-08-01,19.56
CUST-0157,2025-09-01,16.69
CUST-0157,2025-10-01,17.98
CUST-0157,2025-11-01,15.98
CUST-0157,2025-12-01,16.52
CUST-0157,2026-01-01,17.5
CUST-0157,2026-02-01,16.97
CUST-0157,2026-03-01,18.2
CUST-0157,2026-04-01,16.07
CUST-0157,2026-05-01,15.9
CUST-0157,2026-06-01,17.37
CUST-0157,2026-07-01,15.77
CUST-0157,2026-08-01,16.43
CUST-0158,2025-09-01,19.25
CUST-0158,2025-10-01,20.1
CUST-0158,2025-11-01,19.77
CUST-0158,2025-12-01,19.65
CUST-0158,2026-01-01,18.99
CUST-0158,2026-02-01,20.24
CUST-0158,2026-03-01,22.41
CUST-0158,2026-04-01,19.83
CUST-0158,2026-05-01,19.38
CUST-0158,2026-06-01,18.3
CUST-0158,2026-07-01,18.81
CUST-0158,2026-08-01,19.14
CUST-0159,2025-09-01,47.01
CUST-0159,2025-10-01,48.01
CUST-0159,2025-11-01,51.46
CUST-0159,2025-12-01,50.44
CUST-0159,2026-01-01,47.73
CUST-0159,2026-02-01,45.72
CUST-0159,2026-03-01,50.61
CUST-0159,2026-04-01,47.95
CUST-0159,2026-05-01,44.72
CUST-0159,2026-06-01,49.41
CUST-0159,2026-07-01,50.01
CUST-0159,2026-08-01,43.38
CUST-0160,2025-09-01,48.95
CUST-0160,2025-10-01,50.4
CUST-0160,2025-11-01,52.11
CUST-0160,2025-12-01,49.58
CUST-0160,2026-01-01,48.94
CUST-0160,2026-02-01,52.09
CUST-0160,2026-03-01,49.67
CUST-0160,2026-04-01,51.72
CUST-0160,2026-05-01,48.37
CUST-0160,2026-06-01,47.88
CUST-0160,2026-07-01,52.15
CUST-0160,2026-08-01,51.13
CUST-0161,2025-09-01,18.2
CUST-0161,2025-10-01,17.18
CUST-0161,2025-11-01,16.99
CUST-0161,2025-12-01,18.51
CUST-0161,2026-01-01,16.48
CUST-0161,2026-02-01,18.43
CUST-0161,2026-03-01,18.48
CUST-0161,2026-04-01,18.15
CUST-0161,2026-05-01,17.07
CUST-0161,2026-06-01,16.98
CUST-0161,2026-07-01,17.4
CUST-0161,2026-08-01,16.64
CUST-0162,2025-09-01,41.91
CUST-0162,2025-10-01,44.71
CUST-0162,2025-11-01,44.72
CUST-0162,2025-12-01,41.76
CUST-0162,2026-01-01,44.77
CUST-0162,2026-02-01,44.38
CUST-0162,2026-03-01,46.22
CUST-0162,2026-04-01,44.58
CUST-0162,2026-05-01,45.44
CUST-0162,2026-06-01,44.42
CUST-0162,2026-07-01,45.3
CUST-0162,2026-08-01,41.35
CUST-0163,2025-09-01,90.55
CUST-0163,2025-10-01,90.85
CUST-0163,2025-11-01,90.1
CUST-0163,2025-12-01,92.61
CUST-0163,2026-01-01,93.3
CUST-0163,2026-02-01,92.42
CUST-0163,2026-03-01,90.35
CUST-0163,2026-04-01,88.31
CUST-0163,2026-05-01,94.98
CUST-0163,2026-06-01,92.26
CUST-0163,2026-07-01,87.28
CUST-0163,2026-08-01,90.29
CUST-0164,2025-09-01,19.83
CUST-0164,2025-10-01,21.35
CUST-0164,2025-11-01,21.15
CUST-0164,2025-12-01,20.83
CUST-0164,2026-01-01,22.67
CUST-0164,2026-02-01,20.33
CUST-0164,2026-03-01,21.92
CUST-0164,2026-04-01,23.18
CUST-0164,2026-05-01,22.24
CUST-0164,2026-06-01,21.29
CUST-0164,2026-07-01,20.35
CUST-0164,2026-08-01,20.16
CUST-0165,2025-09-01,17.19
CUST-0165,2025-10-01,17.0
CUST-0165,2025-11-01,16.98
CUST-0165,2025-12-01,17.25
CUST-0165,2026-01-01,17.41
CUST-0165,2026-02-01,17.82
CUST-0165,2026-03-01,16.61
CUST-0165,2026-04-01,17.0
CUST-0165,2026-05-01,17.37
CUST-0165,2026-06-01,17.34
CUST-0165,2026-07-01,18.76
CUST-0165,2026-08-01,17.64
CUST-0166,2025-09-01,83.37
CUST-0166,2025-10-01,90.61
CUST-0166,2025-11-01,91.07
CUST-0166,2025-12-01,88.67
CUST-0166,2026-01-01,84.79
CUST-0166,2026-02-01,95.39
CUST-0166,2026-03-01,85.31
CUST-0166,2026-04-01,91.48
CUST-0166,2026-05-01,89.83
CUST-0166,2026-06-01,91.26
CUST-0166,2026-07-01,95.2
CUST-0166,2026-08-01,91.12
CUST-0167,2025-09-01,87.17
CUST-0167,2025-10-01,93.1
CUST-0167,2025-11-01,86.91
CUST-0167,2025-12-01,89.74
CUST-0167,2026-01-01,84.55
CUST-0167,2026-02-01,85.47
CUST-0167,2026-03-01,89.34
CUST-0167,2026-04-01,90.47
CUST-0167,2026-05-01,83.09
CUST-0167,2026-06-01,90.93
CUST-0167,2026-07-01,86.24
CUST-0167,2026-08-01,93.72
CUST-0168,2025-09-01,40.23
CUST-0168,2025-10-01,38.97
CUST-0168,2025-11-01,40.92
CUST-0168,2025-12-01,39.3
CUST-0168,2026-01-01,42.87
CUST-0168,2026-02-01,40.8
CUST-0168,2026-03-01,40.55
CUST-0168,2026-04-01,41.77
CUST-0168,2026-05-01,39.16
CUST-0168,2026-06-01,38.7
CUST-0168,2026-07-01,41.47
CUST-0168,2026-08-01,39.01
CUST-0169,2025-09-01,101.05
CUST-0169,2025-10-01,109.24
CUST-0169,2025-11-01,107.92
CUST-0169,2025-12-01,100.4
CUST-0169,2026-01-01,103.08
CUST-0169,2026-02-01,101.88
CUST-0169,2026-03-01,113.21
CUST-0169,2026-04-01,109.53
CUST-0169,2026-05-01,103.92
CUST-0169,2026-06-01,103.64
CUST-0169,2026-07-01,90.98
CUST-0169,2026-08-01,89.37
CUST-0170,2025-09-01,21.39
CUST-0170,2025-10-01,21.69
CUST-0170,2025-11-01,21.22
CUST-0170,2025-12-01,21.51
CUST-0170,2026-01-01,21.37
CUST-0170,2026-02-01,21.16
CUST-0170,2026-03-01,21.05
CUST-0170,2026-04-01,20.94
CUST-0170,2026-05-01,21.5
CUST-0170,2026-06-01,21.65
CUST-0170,2026-07-01,21.47
CUST-0170,2026-08-01,20.3
CUST-0171,2025-09-01,17.81
CUST-0171,2025-10-01,18.85
CUST-0171,2025-11-01,19.64
CUST-0171,2025-12-01,18.66
CUST-0171,2026-01-01,18.24
CUST-0171,2026-02-01,18.72
CUST-0171,2026-03-01,17.71
CUST-0171,2026-04-01,19.52
CUST-0171,2026-05-01,18.69
CUST-0171,2026-06-01,18.05
CUST-0171,2026-07-01,18.43
CUST-0171,2026-08-01,18.16
CUST-0172,2025-09-01,45.76
CUST-0172,2025-10-01,43.13
CUST-0172,2025-11-01,43.75
CUST-0172,2025-12-01,44.48
CUST-0172,2026-01-01,42.19
CUST-0172,2026-02-01,43.82
CUST-0172,2026-03-01,43.96
CUST-0172,2026-04-01,40.78
CUST-0172,2026-05-01,43.92
CUST-0172,2026-06-01,43.4
CUST-0172,2026-07-01,43.71
CUST-0172,2026-08-01,43.54
CUST-0173,2025-09-01,15.35
CUST-0173,2025-10-01,16.0
CUST-0173,2025-11-01,14.47
CUST-0173,2025-12-01,14.98
CUST-0173,2026-01-01,15.6
CUST-0173,2026-02-01,15.48
CUST-0173,2026-03-01,15.47
CUST-0173,2026-04-01,16.86
CUST-0173,2026-05-01,15.56
CUST-0173,2026-06-01,15.88
CUST-0173,2026-07-01,15.0
CUST-0173,2026-08-01,14.59
CUST-0174,2025-09-01,45.4
CUST-0174,2025-10-01,47.29
CUST-0174,2025-11-01,46.73
CUST-0174,2025-12-01,46.72
CUST-0174,2026-01-01,45.59
CUST-0174,2026-02-01,45.29
CUST-0174,2026-03-01,45.65
CUST-0174,2026-04-01,47.31
CUST-0174,2026-05-01,47.53
CUST-0174,2026-06-01,44.13
CUST-0174,2026-07-01,47.38
CUST-0174,2026-08-01,44.78
CUST-0175,2025-09-01,46.67
CUST-0175,2025-10-01,45.46
CUST-0175,2025-11-01,48.68
CUST-0175,2025-12-01,45.04
CUST-0175,2026-01-01,46.14
CUST-0175,2026-02-01,46.92
CUST-0175,2026-03-01,44.21
CUST-0175,2026-04-01,45.68
CUST-0175,2026-05-01,45.32
CUST-0175,2026-06-01,44.87
CUST-0175,2026-07-01,45.0
CUST-0175,2026-08-01,47.85
CUST-0176,2025-09-01,46.27
CUST-0176,2025-10-01,48.47
CUST-0176,2025-11-01,48.0
CUST-0176,2025-12-01,44.75
CUST-0176,2026-01-01,48.38
CUST-0176,2026-02-01,44.72
CUST-0176,2026-03-01,48.59
CUST-0176,2026-04-01,46.44
CUST-0176,2026-05-01,47.42
CUST-0176,2026-06-01,43.08
CUST-0176,2026-07-01,43.9
CUST-0176,2026-08-01,43.57
CUST-0177,2025-09-01,43.15
CUST-0177,2025-10-01,43.51
CUST-0177,2025-11-01,45.4
CUST-0177,2025-12-01,45.45
CUST-0177,2026-01-01,40.25
CUST-0177,2026-02-01,48.18
CUST-0177,2026-03-01,45.53
CUST-0177,2026-04-01,45.83
CUST-0177,2026-05-01,44.33
CUST-0177,2026-06-01,41.28
CUST-0177,2026-07-01,45.79
CUST-0177,2026-08-01,43.58
CUST-0178,2025-09-01,19.8
CUST-0178,2025-10-01,19.21
CUST-0178,2025-11-01,19.56
CUST-0178,2025-12-01,18.78
CUST-0178,2026-01-01,20.05
CUST-0178,2026-02-01,18.46
CUST-0178,2026-03-01,21.12
CUST-0178,2026-04-01,21.11
CUST-0178,2026-05-01,20.65
CUST-0178,2026-06-01,19.54
CUST-0178,2026-07-01,17.66
CUST-0178,2026-08-01,17.8
CUST-0179,2025-09-01,19.24
CUST-0179,2025-10-01,18.11
CUST-0179,2025-11-01,20.47
CUST-0179,2025-12-01,20.18
CUST-0179,2026-01-01,19.29
CUST-0179,2026-02-01,18.36
CUST-0179,2026-03-01,18.86
CUST-0179,2026-04-01,17.9
CUST-0179,2026-05-01,20.04
CUST-0179,2026-06-01,18.07
CUST-0179,2026-07-01,19.53
CUST-0179,2026-08-01,18.66
CUST-0180,2025-09-01,17.63
CUST-0180,2025-10-01,18.88
CUST-0180,2025-11-01,18.45
CUST-0180,2025-12-01,19.33
CUST-0180,2026-01-01,17.75
CUST-0180,2026-02-01,18.13
CUST-0180,2026-03-01,16.91
CUST-0180,2026-04-01,17.07
CUST-0180,2026-05-01,20.05
CUST-0180,2026-06-01,19.57
CUST-0180,2026-07-01,17.39
CUST-0180,2026-08-01,16.02
CUST-0181,2025-09-01,45.75
CUST-0181,2025-10-01,47.92
CUST-0181,2025-11-01,45.35
CUST-0181,2025-12-01,46.74
CUST-0181,2026-01-01,46.28
CUST-0181,2026-02-01,45.25
CUST-0181,2026-03-01,45.33
CUST-0181,2026-04-01,46.84
CUST-0181,2026-05-01,44.49
CUST-0181,2026-06-01,47.14
CUST-0181,2026-07-01,45.43
CUST-0181,2026-08-01,46.54
CUST-0182,2025-09-01,20.72
CUST-0182,2025-10-01,19.5
CUST-0182,2025-11-01,20.35
CUST-0182,2025-12-01,18.22
CUST-0182,2026-01-01,19.26
CUST-0182,2026-02-01,19.65
CUST-0182,2026-03-01,21.14
CUST-0182,2026-04-01,18.09
CUST-0182,2026-05-01,19.55
CUST-0182,2026-06-01,20.77
CUST-0182,2026-07-01,19.01
CUST-0182,2026-08-01,19.46
CUST-0183,2025-09-01,19.26
CUST-0183,2025-10-01,19.15
CUST-0183,2025-11-01,20.2
CUST-0183,2025-12-01,19.35
CUST-0183,2026-01-01,20.02
CUST-0183,2026-02-01,18.74
CUST-0183,2026-03-01,18.45
CUST-0183,2026-04-01,18.84
CUST-0183,2026-05-01,18.13
CUST-0183,2026-06-01,19.38
CUST-0183,2026-07-01,18.72
CUST-0183,2026-08-01,18.5
CUST-0184,2025-09-01,20.24
CUST-0184,2025-10-01,18.93
CUST-0184,2025-11-01,20.45
CUST-0184,2025-12-01,19.46
CUST-0184,2026-01-01,20.76
CUST-0184,2026-02-01,19.53
CUST-0184,2026-03-01,20.34
CUST-0184,2026-04-01,19.98
CUST-0184,2026-05-01,20.43
CUST-0184,2026-06-01,19.93
CUST-0184,2026-07-01,18.52
CUST-0184,2026-08-01,20.64
CUST-0185,2025-09-01,18.69
CUST-0185,2025-10-01,19.35
CUST-0185,2025-11-01,19.28
CUST-0185,2025-12-01,18.18
CUST-0185,2026-01-01,18.07
CUST-0185,2026-02-01,19.25
CUST-0185,2026-03-01,18.53
CUST-0185,2026-04-01,19.46
CUST-0185,2026-05-01,18.63
CUST-0185,2026-06-01,19.53
CUST-0185,2026-07-01,19.08
CUST-0185,2026-08-01,18.98
CUST-0186,2025-09-01,90.58
CUST-0186,2025-10-01,92.81
CUST-0186,2025-11-01,96.35
CUST-0186,2025-12-01,91.76
CUST-0186,2026-01-01,93.91
CUST-0186,2026-02-01,92.13
CUST-0186,2026-03-01,92.42
CUST-0186,2026-04-01,98.3
CUST-0186,2026-05-01,96.38
CUST-0186,2026-06-01,92.25
CUST-0186,2026-07-01,92.75
CUST-0186,2026-08-01,89.38
CUST-0187,2025-09-01,17.52
CUST-0187,2025-10-01,17.86
CUST-0187,2025-11-01,18.24
CUST-0187,2025-12-01,18.17
CUST-0187,2026-01-01,16.86
CUST-0187,2026-02-01,18.33
CUST-0187,2026-03-01,17.58
CUST-0187,2026-04-01,16.94
CUST-0187,2026-05-01,18.58
CUST-0187,2026-06-01,17.93
CUST-0187,2026-07-01,16.35
CUST-0187,2026-08-01,15.92
CUST-0188,2025-09-01,88.36
CUST-0188,2025-10-01,90.52
CUST-0188,2025-11-01,88.23
CUST-0188,2025-12-01,81.18
CUST-0188,2026-01-01,92.62
CUST-0188,2026-02-01,89.38
CUST-0188,2026-03-01,83.98
CUST-0188,2026-04-01,82.2
CUST-0188,2026-05-01,87.46
CUST-0188,2026-06-01,84.78
CUST-0188,2026-07-01,86.86
CUST-0188,2026-08-01,88.28
CUST-0189,2025-09-01,16.71
CUST-0189,2025-10-01,16.34
CUST-0189,2025-11-01,17.36
CUST-0189,2025-12-01,16.74
CUST-0189,2026-01-01,17.2
CUST-0189,2026-02-01,16.18
CUST-0189,2026-03-01,16.93
CUST-0189,2026-04-01,17.59
CUST-0189,2026-05-01,17.51
CUST-0189,2026-06-01,16.56
CUST-0189,2026-07-01,16.3
CUST-0189,2026-08-01,17.11
CUST-0190,2025-09-01,51.99
CUST-0190,2025-10-01,51.67
CUST-0190,2025-11-01,49.81
CUST-0190,2025-12-01,51.46
CUST-0190,2026-01-01,53.91
CUST-0190,2026-02-01,51.27
CUST-0190,2026-03-01,47.53
CUST-0190,2026-04-01,51.26
CUST-0190,2026-05-01,55.01
CUST-0190,2026-06-01,48.23
CUST-0190,2026-07-01,50.91
CUST-0190,2026-08-01,50.39
CUST-0191,2025-09-01,50.05
CUST-0191,2025-10-01,50.25
CUST-0191,2025-11-01,52.13
CUST-0191,2025-12-01,50.03
CUST-0191,2026-01-01,52.41
CUST-0191,2026-02-01,49.63
CUST-0191,2026-03-01,49.16
CUST-0191,2026-04-01,48.53
CUST-0191,2026-05-01,46.24
CUST-0191,2026-06-01,50.41
CUST-0191,2026-07-01,53.96
CUST-0191,2026-08-01,50.77
CUST-0192,2025-09-01,18.54
CUST-0192,2025-10-01,17.74
CUST-0192,2025-11-01,17.86
CUST-0192,2025-12-01,18.75
CUST-0192,2026-01-01,19.49
CUST-0192,2026-02-01,19.11
CUST-0192,2026-03-01,18.62
CUST-0192,2026-04-01,18.07
CUST-0192,2026-05-01,18.19
CUST-0192,2026-06-01,17.5
CUST-0192,2026-07-01,17.0
CUST-0192,2026-08-01,17.23
CUST-0193,2025-09-01,101.16
CUST-0193,2025-10-01,99.78
CUST-0193,2025-11-01,95.03
CUST-0193,2025-12-01,100.81
CUST-0193,2026-01-01,99.67
CUST-0193,2026-02-01,96.22
CUST-0193,2026-03-01,99.47
CUST-0193,2026-04-01,99.66
CUST-0193,2026-05-01,98.47
CUST-0193,2026-06-01,100.18
CUST-0193,2026-07-01,84.23
CUST-0193,2026-08-01,79.37
CUST-0194,2025-09-01,100.04
CUST-0194,2025-10-01,100.41
CUST-0194,2025-11-01,101.65
CUST-0194,2025-12-01,97.87
CUST-0194,2026-01-01,96.36
CUST-0194,2026-02-01,100.0
CUST-0194,2026-03-01,98.26
CUST-0194,2026-04-01,106.24
CUST-0194,2026-05-01,98.73
CUST-0194,2026-06-01,99.82
CUST-0194,2026-07-01,109.93
CUST-0194,2026-08-01,99.25
CUST-0195,2025-09-01,96.54
CUST-0195,2025-10-01,96.88
CUST-0195,2025-11-01,97.2
CUST-0195,2025-12-01,95.53
CUST-0195,2026-01-01,95.17
CUST-0195,2026-02-01,94.82
CUST-0195,2026-03-01,92.26
CUST-0195,2026-04-01,95.67
CUST-0195,2026-05-01,102.1
CUST-0195,2026-06-01,99.01
CUST-0195,2026-07-01,95.59
CUST-0195,2026-08-01,97.67
CUST-0196,2025-09-01,18.77
CUST-0196,2025-10-01,19.25
CUST-0196,2025-11-01,20.19
CUST-0196,2025-12-01,20.61
CUST-0196,2026-01-01,18.85
CUST-0196,2026-02-01,19.07
CUST-0196,2026-03-01,21.15
CUST-0196,2026-04-01,19.52
CUST-0196,2026-05-01,20.87
CUST-0196,2026-06-01,19.61
CUST-0196,2026-07-01,19.64
CUST-0196,2026-08-01,19.21
CUST-0197,2025-09-01,18.79
CUST-0197,2025-10-01,19.09
CUST-0197,2025-11-01,17.36
CUST-0197,2025-12-01,17.85
CUST-0197,2026-01-01,18.77
CUST-0197,2026-02-01,18.02
CUST-0197,2026-03-01,17.75
CUST-0197,2026-04-01,18.84
CUST-0197,2026-05-01,18.91
CUST-0197,2026-06-01,17.78
CUST-0197,2026-07-01,18.26
CUST-0197,2026-08-01,17.23
CUST-0198,2025-09-01,48.21
CUST-0198,2025-10-01,50.25
CUST-0198,2025-11-01,50.06
CUST-0198,2025-12-01,48.07
CUST-0198,2026-01-01,48.57
CUST-0198,2026-02-01,47.87
CUST-0198,2026-03-01,50.91
CUST-0198,2026-04-01,46.06
CUST-0198,2026-05-01,47.98
CUST-0198,2026-06-01,46.27
CUST-0198,2026-07-01,50.84
CUST-0198,2026-08-01,46.39
CUST-0199,2025-09-01,18.17
CUST-0199,2025-10-01,19.34
CUST-0199,2025-11-01,19.36
CUST-0199,2025-12-01,16.84
CUST-0199,2026-01-01,18.37
CUST-0199,2026-02-01,17.43
CUST-0199,2026-03-01,17.28
CUST-0199,2026-04-01,18.07
CUST-0199,2026-05-01,19.04
CUST-0199,2026-06-01,18.59
CUST-0199,2026-07-01,17.63
CUST-0199,2026-08-01,18.66
CUST-0200,2025-09-01,43.92
CUST-0200,2025-10-01,46.8
CUST-0200,2025-11-01,46.66
CUST-0200,2025-12-01,48.4
CUST-0200,2026-01-01,47.86
CUST-0200,2026-02-01,47.98
CUST-0200,2026-03-01,47.91
CUST-0200,2026-04-01,48.29
CUST-0200,2026-05-01,49.29
CUST-0200,2026-06-01,48.54
CUST-0200,2026-07-01,47.7
CUST-0200,2026-08-01,49.03
CUST-0201,2025-09-01,48.5
CUST-0201,2025-10-01,45.91
CUST-0201,2025-11-01,46.84
CUST-0201,2025-12-01,49.13
CUST-0201,2026-01-01,44.88
CUST-0201,2026-02-01,50.34
CUST-0201,2026-03-01,44.44
CUST-0201,2026-04-01,46.3
CUST-0201,2026-05-01,45.17
CUST-0201,2026-06-01,51.06
CUST-0201,2026-07-01,46.0
CUST-0201,2026-08-01,46.01
CUST-0202,2025-09-01,49.97
CUST-0202,2025-10-01,50.91
CUST-0202,2025-11-01,50.05
CUST-0202,2025-12-01,50.45
CUST-0202,2026-01-01,43.56
CUST-0202,2026-02-01,50.84
CUST-0202,2026-03-01,50.76
CUST-0202,2026-04-01,52.83
CUST-0202,2026-05-01,53.38
CUST-0202,2026-06-01,50.34
CUST-0202,2026-07-01,52.38
CUST-0202,2026-08-01,48.49
CUST-0203,2025-09-01,108.35
CUST-0203,2025-10-01,102.71
CUST-0203,2025-11-01,100.14
CUST-0203,2025-12-01,104.34
CUST-0203,2026-01-01,111.01
CUST-0203,2026-02-01,105.88
CUST-0203,2026-03-01,111.41
CUST-0203,2026-04-01,101.97
CUST-0203,2026-05-01,109.53
CUST-0203,2026-06-01,102.38
CUST-0203,2026-07-01,106.07
CUST-0203,2026-08-01,106.03
CUST-0204,2025-09-01,45.15
CUST-0204,2025-10-01,44.43
CUST-0204,2025-11-01,42.69
CUST-0204,2025-12-01,45.54
CUST-0204,2026-01-01,47.04
CUST-0204,2026-02-01,42.96
CUST-0204,2026-03-01,40.76
CUST-0204,2026-04-01,44.87
CUST-0204,2026-05-01,43.41
CUST-0204,2026-06-01,43.76
CUST-0204,2026-07-01,44.97
CUST-0204,2026-08-01,43.19
CUST-0205,2025-09-01,20.02
CUST-0205,2025-10-01,20.16
CUST-0205,2025-11-01,21.43
CUST-0205,2025-12-01,20.26
CUST-0205,2026-01-01,19.24
CUST-0205,2026-02-01,19.27
CUST-0205,2026-03-01,20.35
CUST-0205,2026-04-01,19.33
CUST-0205,2026-05-01,18.98
CUST-0205,2026-06-01,20.75
CUST-0205,2026-07-01,20.79
CUST-0205,2026-08-01,19.94
CUST-0206,2025-09-01,16.46
CUST-0206,2025-10-01,16.39
CUST-0206,2025-11-01,16.66
CUST-0206,2025-12-01,16.66
CUST-0206,2026-01-01,14.57
CUST-0206,2026-02-01,16.11
CUST-0206,2026-03-01,16.61
CUST-0206,2026-04-01,16.0
CUST-0206,2026-05-01,16.29
CUST-0206,2026-06-01,16.76
CUST-0206,2026-07-01,16.32
CUST-0206,2026-08-01,17.25
CUST-0207,2025-09-01,48.51
CUST-0207,2025-10-01,46.2
CUST-0207,2025-11-01,46.05
CUST-0207,2025-12-01,41.13
CUST-0207,2026-01-01,45.81
CUST-0207,2026-02-01,43.91
CUST-0207,2026-03-01,46.83
CUST-0207,2026-04-01,46.7
CUST-0207,2026-05-01,47.71
CUST-0207,2026-06-01,46.92
CUST-0207,2026-07-01,42.19
CUST-0207,2026-08-01,44.38
CUST-0208,2025-09-01,46.89
CUST-0208,2025-10-01,44.03
CUST-0208,2025-11-01,45.42
CUST-0208,2025-12-01,45.77
CUST-0208,2026-01-01,47.56
CUST-0208,2026-02-01,44.7
CUST-0208,2026-03-01,45.91
CUST-0208,2026-04-01,46.16
CUST-0208,2026-05-01,45.63
CUST-0208,2026-06-01,47.97
CUST-0208,2026-07-01,47.65
CUST-0208,2026-08-01,48.63
CUST-0209,2025-09-01,18.07
CUST-0209,2025-10-01,19.19
CUST-0209,2025-11-01,17.31
CUST-0209,2025-12-01,17.29
CUST-0209,2026-01-01,17.42
CUST-0209,2026-02-01,18.32
CUST-0209,2026-03-01,19.19
CUST-0209,2026-04-01,17.87
CUST-0209,2026-05-01,17.96
CUST-0209,2026-06-01,17.31
CUST-0209,2026-07-01,17.05
CUST-0209,2026-08-01,15.45
CUST-0210,2025-09-01,53.67
CUST-0210,2025-10-01,51.89
CUST-0210,2025-11-01,53.59
CUST-0210,2025-12-01,57.42
CUST-0210,2026-01-01,55.04
CUST-0210,2026-02-01,53.22
CUST-0210,2026-03-01,57.55
CUST-0210,2026-04-01,53.56
CUST-0210,2026-05-01,57.95
CUST-0210,2026-06-01,57.92
CUST-0210,2026-07-01,54.96
CUST-0210,2026-08-01,51.55
CUST-0211,2025-09-01,47.97
CUST-0211,2025-10-01,44.63
CUST-0211,2025-11-01,43.38
CUST-0211,2025-12-01,45.63
CUST-0211,2026-01-01,45.18
CUST-0211,2026-02-01,46.25
CUST-0211,2026-03-01,42.79
CUST-0211,2026-04-01,44.51
CUST-0211,2026-05-01,41.87
CUST-0211,2026-06-01,45.12
CUST-0211,2026-07-01,43.91
CUST-0211,2026-08-01,44.44
CUST-0212,2025-09-01,91.59
CUST-0212,2025-10-01,91.21
CUST-0212,2025-11-01,88.93
CUST-0212,2025-12-01,95.04
CUST-0212,2026-01-01,97.62
CUST-0212,2026-02-01,90.08
CUST-0212,2026-03-01,94.17
CUST-0212,2026-04-01,93.72
CUST-0212,2026-05-01,92.16
CUST-0212,2026-06-01,86.5
CUST-0212,2026-07-01,87.33
CUST-0212,2026-08-01,89.25
CUST-0213,2025-09-01,42.62
CUST-0213,2025-10-01,49.24
CUST-0213,2025-11-01,47.3
CUST-0213,2025-12-01,46.55
CUST-0213,2026-01-01,42.53
CUST-0213,2026-02-01,43.21
CUST-0213,2026-03-01,46.61
CUST-0213,2026-04-01,50.28
CUST-0213,2026-05-01,45.31
CUST-0213,2026-06-01,48.22
CUST-0213,2026-07-01,45.72
CUST-0213,2026-08-01,46.71
CUST-0214,2025-09-01,16.14
CUST-0214,2025-10-01,15.18
CUST-0214,2025-11-01,14.97
CUST-0214,2025-12-01,16.26
CUST-0214,2026-01-01,15.42
CUST-0214,2026-02-01,16.06
CUST-0214,2026-03-01,14.97
CUST-0214,2026-04-01,16.26
CUST-0214,2026-05-01,15.56
CUST-0214,2026-06-01,15.66
CUST-0214,2026-07-01,15.47
CUST-0214,2026-08-01,15.08
CUST-0215,2025-09-01,17.36
CUST-0215,2025-10-01,17.05
CUST-0215,2025-11-01,18.03
CUST-0215,2025-12-01,17.22
CUST-0215,2026-01-01,16.32
CUST-0215,2026-02-01,16.19
CUST-0215,2026-03-01,16.16
CUST-0215,2026-04-01,17.79
CUST-0215,2026-05-01,16.56
CUST-0215,2026-06-01,17.57
CUST-0215,2026-07-01,17.45
CUST-0215,2026-08-01,17.32
CUST-0216,2025-09-01,52.31
CUST-0216,2025-10-01,51.74
CUST-0216,2025-11-01,45.84
CUST-0216,2025-12-01,50.74
CUST-0216,2026-01-01,52.28
CUST-0216,2026-02-01,54.78
CUST-0216,2026-03-01,54.88
CUST-0216,2026-04-01,48.61
CUST-0216,2026-05-01,50.69
CUST-0216,2026-06-01,48.19
CUST-0216,2026-07-01,54.54
CUST-0216,2026-08-01,53.49
CUST-0217,2025-09-01,17.73
CUST-0217,2025-10-01,17.6
CUST-0217,2025-11-01,18.45
CUST-0217,2025-12-01,18.33
CUST-0217,2026-01-01,18.29
CUST-0217,2026-02-01,17.8
CUST-0217,2026-03-01,17.24
CUST-0217,2026-04-01,18.02
CUST-0217,2026-05-01,18.05
CUST-0217,2026-06-01,17.35
CUST-0217,2026-07-01,17.23
CUST-0217,2026-08-01,18.27
CUST-0218,2025-09-01,50.1
CUST-0218,2025-10-01,45.56
CUST-0218,2025-11-01,46.48
CUST-0218,2025-12-01,47.63
CUST-0218,2026-01-01,47.88
CUST-0218,2026-02-01,45.99
CUST-0218,2026-03-01,50.51
CUST-0218,2026-04-01,47.76
CUST-0218,2026-05-01,47.97
CUST-0218,2026-06-01,50.27
CUST-0218,2026-07-01,46.13
CUST-0218,2026-08-01,46.8
CUST-0219,2025-09-01,47.11
CUST-0219,2025-10-01,49.26
CUST-0219,2025-11-01,46.65
CUST-0219,2025-12-01,51.08
CUST-0219,2026-01-01,50.43
CUST-0219,2026-02-01,49.05
CUST-0219,2026-03-01,49.4
CUST-0219,2026-04-01,51.11
CUST-0219,2026-05-01,47.35
CUST-0219,2026-06-01,50.01
CUST-0219,2026-07-01,50.99
CUST-0219,2026-08-01,46.06
CUST-0220,2025-09-01,18.75
CUST-0220,2025-10-01,17.03
CUST-0220,2025-11-01,18.16
CUST-0220,2025-12-01,17.4
CUST-0220,2026-01-01,19.29
CUST-0220,2026-02-01,17.41
CUST-0220,2026-03-01,17.05
CUST-0220,2026-04-01,18.35
CUST-0220,2026-05-01,17.95
CUST-0220,2026-06-01,17.15
CUST-0220,2026-07-01,18.63
CUST-0220,2026-08-01,16.8
CUST-0221,2025-09-01,18.68
CUST-0221,2025-10-01,19.04
CUST-0221,2025-11-01,20.12
CUST-0221,2025-12-01,20.5
CUST-0221,2026-01-01,20.35
CUST-0221,2026-02-01,19.37
CUST-0221,2026-03-01,17.6
CUST-0221,2026-04-01,19.79
CUST-0221,2026-05-01,20.64
CUST-0221,2026-06-01,20.45
CUST-0221,2026-07-01,19.85
CUST-0221,2026-08-01,18.56
CUST-0222,2025-09-01,18.18
CUST-0222,2025-10-01,20.01
CUST-0222,2025-11-01,17.52
CUST-0222,2025-12-01,17.72
CUST-0222,2026-01-01,19.27
CUST-0222,2026-02-01,18.25
CUST-0222,2026-03-01,17.69
CUST-0222,2026-04-01,19.7
CUST-0222,2026-05-01,18.91
CUST-0222,2026-06-01,18.29
CUST-0222,2026-07-01,17.72
CUST-0222,2026-08-01,20.09
CUST-0223,2025-09-01,97.71
CUST-0223,2025-10-01,103.28
CUST-0223,2025-11-01,101.31
CUST-0223,2025-12-01,95.77
CUST-0223,2026-01-01,95.8
CUST-0223,2026-02-01,103.47
CUST-0223,2026-03-01,103.53
CUST-0223,2026-04-01,90.47
CUST-0223,2026-05-01,99.96
CUST-0223,2026-06-01,97.34
CUST-0223,2026-07-01,93.77
CUST-0223,2026-08-01,98.83
CUST-0224,2025-09-01,40.04
CUST-0224,2025-10-01,41.54
CUST-0224,2025-11-01,40.98
CUST-0224,2025-12-01,41.48
CUST-0224,2026-01-01,42.21
CUST-0224,2026-02-01,40.61
CUST-0224,2026-03-01,44.99
CUST-0224,2026-04-01,43.17
CUST-0224,2026-05-01,45.37
CUST-0224,2026-06-01,42.06
CUST-0224,2026-07-01,41.4
CUST-0224,2026-08-01,45.31
CUST-0225,2025-09-01,17.63
CUST-0225,2025-10-01,17.92
CUST-0225,2025-11-01,18.57
CUST-0225,2025-12-01,17.16
CUST-0225,2026-01-01,18.56
CUST-0225,2026-02-01,18.47
CUST-0225,2026-03-01,18.97
CUST-0225,2026-04-01,18.69
CUST-0225,2026-05-01,18.99
CUST-0225,2026-06-01,17.97
CUST-0225,2026-07-01,17.43
CUST-0225,2026-08-01,19.57
CUST-0226,2025-09-01,88.1
CUST-0226,2025-10-01,88.48
CUST-0226,2025-11-01,95.95
CUST-0226,2025-12-01,99.93
CUST-0226,2026-01-01,94.54
CUST-0226,2026-02-01,97.58
CUST-0226,2026-03-01,86.34
CUST-0226,2026-04-01,91.96
CUST-0226,2026-05-01,86.8
CUST-0226,2026-06-01,96.76
CUST-0226,2026-07-01,88.02
CUST-0226,2026-08-01,89.03
CUST-0227,2025-09-01,48.47
CUST-0227,2025-10-01,49.51
CUST-0227,2025-11-01,47.19
CUST-0227,2025-12-01,48.57
CUST-0227,2026-01-01,48.51
CUST-0227,2026-02-01,47.08
CUST-0227,2026-03-01,45.41
CUST-0227,2026-04-01,48.56
CUST-0227,2026-05-01,48.65
CUST-0227,2026-06-01,47.42
CUST-0227,2026-07-01,44.55
CUST-0227,2026-08-01,39.98
CUST-0228,2025-09-01,47.74
CUST-0228,2025-10-01,46.46
CUST-0228,2025-11-01,45.56
CUST-0228,2025-12-01,45.91
CUST-0228,2026-01-01,45.18
CUST-0228,2026-02-01,48.11
CUST-0228,2026-03-01,43.82
CUST-0228,2026-04-01,44.61
CUST-0228,2026-05-01,45.85
CUST-0228,2026-06-01,47.77
CUST-0228,2026-07-01,45.04
CUST-0228,2026-08-01,38.34
CUST-0229,2025-09-01,96.19
CUST-0229,2025-10-01,96.19
CUST-0229,2025-11-01,86.97
CUST-0229,2025-12-01,82.06
CUST-0229,2026-01-01,91.0
CUST-0229,2026-02-01,95.36
CUST-0229,2026-03-01,97.07
CUST-0229,2026-04-01,88.08
CUST-0229,2026-05-01,97.66
CUST-0229,2026-06-01,83.13
CUST-0229,2026-07-01,89.92
CUST-0229,2026-08-01,89.74
CUST-0230,2025-09-01,20.1
CUST-0230,2025-10-01,20.21
CUST-0230,2025-11-01,19.94
CUST-0230,2025-12-01,18.17
CUST-0230,2026-01-01,19.87
CUST-0230,2026-02-01,19.6
CUST-0230,2026-03-01,17.93
CUST-0230,2026-04-01,17.62
CUST-0230,2026-05-01,20.01
CUST-0230,2026-06-01,19.07
CUST-0230,2026-07-01,18.22
CUST-0230,2026-08-01,19.05
CUST-0231,2025-09-01,19.5
CUST-0231,2025-10-01,19.16
CUST-0231,2025-11-01,18.03
CUST-0231,2025-12-01,20.67
CUST-0231,2026-01-01,19.99
CUST-0231,2026-02-01,18.96
CUST-0231,2026-03-01,18.99
CUST-0231,2026-04-01,19.5
CUST-0231,2026-05-01,18.35
CUST-0231,2026-06-01,18.57
CUST-0231,2026-07-01,16.41
CUST-0231,2026-08-01,16.48
CUST-0232,2025-09-01,50.68
CUST-0232,2025-10-01,50.79
CUST-0232,2025-11-01,56.67
CUST-0232,2025-12-01,53.3
CUST-0232,2026-01-01,53.61
CUST-0232,2026-02-01,48.89
CUST-0232,2026-03-01,51.9
CUST-0232,2026-04-01,54.15
CUST-0232,2026-05-01,53.58
CUST-0232,2026-06-01,46.66
CUST-0232,2026-07-01,49.75
CUST-0232,2026-08-01,48.15
CUST-0233,2025-09-01,19.31
CUST-0233,2025-10-01,17.89
CUST-0233,2025-11-01,16.72
CUST-0233,2025-12-01,17.64
CUST-0233,2026-01-01,17.56
CUST-0233,2026-02-01,18.91
CUST-0233,2026-03-01,16.37
CUST-0233,2026-04-01,18.04
CUST-0233,2026-05-01,19.42
CUST-0233,2026-06-01,18.38
CUST-0233,2026-07-01,19.03
CUST-0233,2026-08-01,17.16
CUST-0234,2025-09-01,46.54
CUST-0234,2025-10-01,52.59
CUST-0234,2025-11-01,49.93
CUST-0234,2025-12-01,49.94
CUST-0234,2026-01-01,47.51
CUST-0234,2026-02-01,49.93
CUST-0234,2026-03-01,47.45
CUST-0234,2026-04-01,52.09
CUST-0234,2026-05-01,55.16
CUST-0234,2026-06-01,48.81
CUST-0234,2026-07-01,44.71
CUST-0234,2026-08-01,39.06
CUST-0235,2025-09-01,18.0
CUST-0235,2025-10-01,20.5
CUST-0235,2025-11-01,18.51
CUST-0235,2025-12-01,19.01
CUST-0235,2026-01-01,19.81
CUST-0235,2026-02-01,20.44
CUST-0235,2026-03-01,19.15
CUST-0235,2026-04-01,18.99
CUST-0235,2026-05-01,19.36
CUST-0235,2026-06-01,18.82
CUST-0235,2026-07-01,18.86
CUST-0235,2026-08-01,19.62
CUST-0236,2025-09-01,17.95
CUST-0236,2025-10-01,19.34
CUST-0236,2025-11-01,18.13
CUST-0236,2025-12-01,18.64
CUST-0236,2026-01-01,17.06
CUST-0236,2026-02-01,18.19
CUST-0236,2026-03-01,17.3
CUST-0236,2026-04-01,18.1
CUST-0236,2026-05-01,18.31
CUST-0236,2026-06-01,17.86
CUST-0236,2026-07-01,19.54
CUST-0236,2026-08-01,18.84
CUST-0237,2025-09-01,20.64
CUST-0237,2025-10-01,20.31
CUST-0237,2025-11-01,21.1
CUST-0237,2025-12-01,18.58
CUST-0237,2026-01-01,20.79
CUST-0237,2026-02-01,18.93
CUST-0237,2026-03-01,19.27
CUST-0237,2026-04-01,20.15
CUST-0237,2026-05-01,20.68
CUST-0237,2026-06-01,17.96
CUST-0237,2026-07-01,17.62
CUST-0237,2026-08-01,17.26
CUST-0238,2025-09-01,50.52
CUST-0238,2025-10-01,52.64
CUST-0238,2025-11-01,57.9
CUST-0238,2025-12-01,51.75
CUST-0238,2026-01-01,49.4
CUST-0238,2026-02-01,48.26
CUST-0238,2026-03-01,50.24
CUST-0238,2026-04-01,48.99
CUST-0238,2026-05-01,51.85
CUST-0238,2026-06-01,51.82
CUST-0238,2026-07-01,49.96
CUST-0238,2026-08-01,54.94
CUST-0239,2025-09-01,18.74
CUST-0239,2025-10-01,19.22
CUST-0239,2025-11-01,19.8
CUST-0239,2025-12-01,20.0
CUST-0239,2026-01-01,20.3
CUST-0239,2026-02-01,19.64
CUST-0239,2026-03-01,20.12
CUST-0239,2026-04-01,18.8
CUST-0239,2026-05-01,20.02
CUST-0239,2026-06-01,19.19
CUST-0239,2026-07-01,18.84
CUST-0239,2026-08-01,15.56
CUST-0240,2025-09-01,18.08
CUST-0240,2025-10-01,19.38
CUST-0240,2025-11-01,16.77
CUST-0240,2025-12-01,19.13
CUST-0240,2026-01-01,19.56
CUST-0240,2026-02-01,18.33
CUST-0240,2026-03-01,18.44
CUST-0240,2026-04-01,17.95
CUST-0240,2026-05-01,18.37
CUST-0240,2026-06-01,17.68
CUST-0240,2026-07-01,16.82
CUST-0240,2026-08-01,16.07
CUST-0241,2025-09-01,96.18
CUST-0241,2025-10-01,96.13
CUST-0241,2025-11-01,104.52
CUST-0241,2025-12-01,95.7
CUST-0241,2026-01-01,98.57
CUST-0241,2026-02-01,94.99
CUST-0241,2026-03-01,94.94
CUST-0241,2026-04-01,90.6
CUST-0241,2026-05-01,91.12
CUST-0241,2026-06-01,92.54
CUST-0241,2026-07-01,97.94
CUST-0241,2026-08-01,101.42
CUST-0242,2025-09-01,16.44
CUST-0242,2025-10-01,17.31
CUST-0242,2025-11-01,16.73
CUST-0242,2025-12-01,17.51
CUST-0242,2026-01-01,18.46
CUST-0242,2026-02-01,17.38
CUST-0242,2026-03-01,17.67
CUST-0242,2026-04-01,18.73
CUST-0242,2026-05-01,18.02
CUST-0242,2026-06-01,17.16
CUST-0242,2026-07-01,17.81
CUST-0242,2026-08-01,17.11
CUST-0243,2025-09-01,16.69
CUST-0243,2025-10-01,16.75
CUST-0243,2025-11-01,15.51
CUST-0243,2025-12-01,16.52
CUST-0243,2026-01-01,16.33
CUST-0243,2026-02-01,16.77
CUST-0243,2026-03-01,16.96
CUST-0243,2026-04-01,16.72
CUST-0243,2026-05-01,16.21
CUST-0243,2026-06-01,17.02
CUST-0243,2026-07-01,15.84
CUST-0243,2026-08-01,15.54
CUST-0244,2025-09-01,16.06
CUST-0244,2025-10-01,18.36
CUST-0244,2025-11-01,17.81
CUST-0244,2025-12-01,18.7
CUST-0244,2026-01-01,16.96
CUST-0244,2026-02-01,17.93
CUST-0244,2026-03-01,18.76
CUST-0244,2026-04-01,17.65
CUST-0244,2026-05-01,18.71
CUST-0244,2026-06-01,18.0
CUST-0244,2026-07-01,18.39
CUST-0244,2026-08-01,18.85
CUST-0245,2025-09-01,18.61
CUST-0245,2025-10-01,18.0
CUST-0245,2025-11-01,17.35
CUST-0245,2025-12-01,17.6
CUST-0245,2026-01-01,18.39
CUST-0245,2026-02-01,17.2
CUST-0245,2026-03-01,17.8
CUST-0245,2026-04-01,17.65
CUST-0245,2026-05-01,17.86
CUST-0245,2026-06-01,17.21
CUST-0245,2026-07-01,16.6
CUST-0245,2026-08-01,18.3
CUST-0246,2025-09-01,20.17
CUST-0246,2025-10-01,18.03
CUST-0246,2025-11-01,19.71
CUST-0246,2025-12-01,20.26
CUST-0246,2026-01-01,19.88
CUST-0246,2026-02-01,19.1
CUST-0246,2026-03-01,18.69
CUST-0246,2026-04-01,19.48
CUST-0246,2026-05-01,19.61
CUST-0246,2026-06-01,19.49
CUST-0246,2026-07-01,19.28
CUST-0246,2026-08-01,18.58
CUST-0247,2025-09-01,52.81
CUST-0247,2025-10-01,52.91
CUST-0247,2025-11-01,52.35
CUST-0247,2025-12-01,52.16
CUST-0247,2026-01-01,55.42
CUST-0247,2026-02-01,50.63
CUST-0247,2026-03-01,54.59
CUST-0247,2026-04-01,50.41
CUST-0247,2026-05-01,54.23
CUST-0247,2026-06-01,54.49
CUST-0247,2026-07-01,51.32
CUST-0247,2026-08-01,55.38
CUST-0248,2025-09-01,18.48
CUST-0248,2025-10-01,17.5
CUST-0248,2025-11-01,17.87
CUST-0248,2025-12-01,18.96
CUST-0248,2026-01-01,18.81
CUST-0248,2026-02-01,17.37
CUST-0248,2026-03-01,18.04
CUST-0248,2026-04-01,18.29
CUST-0248,2026-05-01,17.77
CUST-0248,2026-06-01,19.85
CUST-0248,2026-07-01,18.31
CUST-0248,2026-08-01,18.1
CUST-0249,2025-09-01,99.92
CUST-0249,2025-10-01,93.99
CUST-0249,2025-11-01,99.22
CUST-0249,2025-12-01,89.02
CUST-0249,2026-01-01,93.65
CUST-0249,2026-02-01,99.38
CUST-0249,2026-03-01,101.37
CUST-0249,2026-04-01,92.43
CUST-0249,2026-05-01,91.99
CUST-0249,2026-06-01,97.54
CUST-0249,2026-07-01,93.0
CUST-0249,2026-08-01,94.36
CUST-0250,2025-09-01,92.32
CUST-0250,2025-10-01,87.25
CUST-0250,2025-11-01,82.18
CUST-0250,2025-12-01,84.55
CUST-0250,2026-01-01,89.23
CUST-0250,2026-02-01,82.54
CUST-0250,2026-03-01,88.13
CUST-0250,2026-04-01,84.22
CUST-0250,2026-05-01,95.04
CUST-0250,2026-06-01,96.91
CUST-0250,2026-07-01,85.41
CUST-0250,2026-08-01,90.11
CUST-0251,2025-09-01,17.99
CUST-0251,2025-10-01,18.48
CUST-0251,2025-11-01,20.06
CUST-0251,2025-12-01,18.36
CUST-0251,2026-01-01,18.5
CUST-0251,2026-02-01,18.0
CUST-0251,2026-03-01,19.57
CUST-0251,2026-04-01,16.27
CUST-0251,2026-05-01,18.38
CUST-0251,2026-06-01,18.68
CUST-0251,2026-07-01,18.22
CUST-0251,2026-08-01,19.36
CUST-0252,2025-09-01,19.22
CUST-0252,2025-10-01,17.3
CUST-0252,2025-11-01,19.88
CUST-0252,2025-12-01,17.3
CUST-0252,2026-01-01,19.29
CUST-0252,2026-02-01,18.45
CUST-0252,2026-03-01,17.97
CUST-0252,2026-04-01,18.04
CUST-0252,2026-05-01,18.32
CUST-0252,2026-06-01,18.49
CUST-0252,2026-07-01,17.66
CUST-0252,2026-08-01,18.17
CUST-0253,2025-09-01,18.97
CUST-0253,2025-10-01,18.62
CUST-0253,2025-11-01,18.93
CUST-0253,2025-12-01,18.67
CUST-0253,2026-01-01,19.24
CUST-0253,2026-02-01,19.91
CUST-0253,2026-03-01,19.66
CUST-0253,2026-04-01,21.12
CUST-0253,2026-05-01,17.84
CUST-0253,2026-06-01,19.94
CUST-0253,2026-07-01,19.58
CUST-0253,2026-08-01,20.21
CUST-0254,2025-09-01,48.7
CUST-0254,2025-10-01,47.03
CUST-0254,2025-11-01,47.67
CUST-0254,2025-12-01,45.93
CUST-0254,2026-01-01,48.5
CUST-0254,2026-02-01,43.78
CUST-0254,2026-03-01,48.81
CUST-0254,2026-04-01,47.3
CUST-0254,2026-05-01,46.42
CUST-0254,2026-06-01,46.9
CUST-0254,2026-07-01,47.04
CUST-0254,2026-08-01,49.8
CUST-0255,2025-09-01,21.41
CUST-0255,2025-10-01,19.89
CUST-0255,2025-11-01,18.53
CUST-0255,2025-12-01,19.44
CUST-0255,2026-01-01,19.47
CUST-0255,2026-02-01,18.26
CUST-0255,2026-03-01,18.0
CUST-0255,2026-04-01,18.91
CUST-0255,2026-05-01,19.57
CUST-0255,2026-06-01,17.74
CUST-0255,2026-07-01,18.41
CUST-0255,2026-08-01,19.39
CUST-0256,2025-09-01,97.94
CUST-0256,2025-10-01,103.32
CUST-0256,2025-11-01,92.26
CUST-0256,2025-12-01,106.98
CUST-0256,2026-01-01,91.76
CUST-0256,2026-02-01,89.84
CUST-0256,2026-03-01,97.55
CUST-0256,2026-04-01,93.34
CUST-0256,2026-05-01,97.63
CUST-0256,2026-06-01,97.49
CUST-0256,2026-07-01,97.01
CUST-0256,2026-08-01,94.49
CUST-0257,2025-09-01,48.23
CUST-0257,2025-10-01,46.81
CUST-0257,2025-11-01,49.5
CUST-0257,2025-12-01,47.07
CUST-0257,2026-01-01,45.58
CUST-0257,2026-02-01,44.21
CUST-0257,2026-03-01,47.08
CUST-0257,2026-04-01,45.0
CUST-0257,2026-05-01,44.85
CUST-0257,2026-06-01,48.41
CUST-0257,2026-07-01,44.04
CUST-0257,2026-08-01,50.09
CUST-0258,2025-09-01,84.05
CUST-0258,2025-10-01,83.37
CUST-0258,2025-11-01,80.06
CUST-0258,2025-12-01,86.07
CUST-0258,2026-01-01,83.51
CUST-0258,2026-02-01,81.23
CUST-0258,2026-03-01,84.19
CUST-0258,2026-04-01,77.9
CUST-0258,2026-05-01,78.06
CUST-0258,2026-06-01,79.78
CUST-0258,2026-07-01,84.69
CUST-0258,2026-08-01,83.51
CUST-0259,2025-09-01,51.7
CUST-0259,2025-10-01,47.79
CUST-0259,2025-11-01,50.76
CUST-0259,2025-12-01,49.39
CUST-0259,2026-01-01,47.75
CUST-0259,2026-02-01,50.38
CUST-0259,2026-03-01,49.49
CUST-0259,2026-04-01,48.37
CUST-0259,2026-05-01,49.7
CUST-0259,2026-06-01,49.36
CUST-0259,2026-07-01,49.31
CUST-0259,2026-08-01,48.8
CUST-0260,2025-09-01,98.03
CUST-0260,2025-10-01,103.74
CUST-0260,2025-11-01,100.11
CUST-0260,2025-12-01,99.21
CUST-0260,2026-01-01,102.43
CUST-0260,2026-02-01,106.47
CUST-0260,2026-03-01,104.2
CUST-0260,2026-04-01,101.23
CUST-0260,2026-05-01,101.07
CUST-0260,2026-06-01,106.06
CUST-0260,2026-07-01,93.51
CUST-0260,2026-08-01,106.73
CUST-0261,2025-09-01,16.93
CUST-0261,2025-10-01,17.26
CUST-0261,2025-11-01,17.92
CUST-0261,2025-12-01,19.89
CUST-0261,2026-01-01,19.53
CUST-0261,2026-02-01,18.82
CUST-0261,2026-03-01,18.56
CUST-0261,2026-04-01,16.94
CUST-0261,2026-05-01,18.41
CUST-0261,2026-06-01,17.9
CUST-0261,2026-07-01,17.7
CUST-0261,2026-08-01,18.41
CUST-0262,2025-09-01,53.46
CUST-0262,2025-10-01,56.38
CUST-0262,2025-11-01,50.27
CUST-0262,2025-12-01,54.65
CUST-0262,2026-01-01,52.57
CUST-0262,2026-02-01,53.6
CUST-0262,2026-03-01,55.15
CUST-0262,2026-04-01,52.05
CUST-0262,2026-05-01,54.85
CUST-0262,2026-06-01,54.03
CUST-0262,2026-07-01,53.05
CUST-0262,2026-08-01,53.46
CUST-0263,2025-09-01,20.23
CUST-0263,2025-10-01,19.73
CUST-0263,2025-11-01,20.37
CUST-0263,2025-12-01,20.13
CUST-0263,2026-01-01,19.86
CUST-0263,2026-02-01,21.65
CUST-0263,2026-03-01,20.7
CUST-0263,2026-04-01,20.05
CUST-0263,2026-05-01,20.48
CUST-0263,2026-06-01,19.52
CUST-0263,2026-07-01,20.0
CUST-0263,2026-08-01,20.1
CUST-0264,2025-09-01,92.62
CUST-0264,2025-10-01,98.99
CUST-0264,2025-11-01,95.51
CUST-0264,2025-12-01,96.09
CUST-0264,2026-01-01,95.26
CUST-0264,2026-02-01,109.02
CUST-0264,2026-03-01,94.9
CUST-0264,2026-04-01,89.41
CUST-0264,2026-05-01,91.24
CUST-0264,2026-06-01,96.12
CUST-0264,2026-07-01,94.05
CUST-0264,2026-08-01,81.86
CUST-0265,2025-09-01,45.62
CUST-0265,2025-10-01,44.69
CUST-0265,2025-11-01,43.07
CUST-0265,2025-12-01,42.95
CUST-0265,2026-01-01,43.71
CUST-0265,2026-02-01,44.92
CUST-0265,2026-03-01,44.09
CUST-0265,2026-04-01,42.23
CUST-0265,2026-05-01,43.1
CUST-0265,2026-06-01,46.84
CUST-0265,2026-07-01,43.84
CUST-0265,2026-08-01,44.91
CUST-0266,2025-09-01,103.51
CUST-0266,2025-10-01,102.43
CUST-0266,2025-11-01,101.76
CUST-0266,2025-12-01,104.96
CUST-0266,2026-01-01,104.23
CUST-0266,2026-02-01,102.39
CUST-0266,2026-03-01,98.51
CUST-0266,2026-04-01,102.88
CUST-0266,2026-05-01,101.05
CUST-0266,2026-06-01,100.07
CUST-0266,2026-07-01,112.18
CUST-0266,2026-08-01,95.08
CUST-0267,2025-09-01,18.9
CUST-0267,2025-10-01,17.57
CUST-0267,2025-11-01,18.3
CUST-0267,2025-12-01,20.07
CUST-0267,2026-01-01,17.5
CUST-0267,2026-02-01,17.67
CUST-0267,2026-03-01,18.19
CUST-0267,2026-04-01,17.58
CUST-0267,2026-05-01,18.84
CUST-0267,2026-06-01,17.81
CUST-0267,2026-07-01,18.68
CUST-0267,2026-08-01,17.23
CUST-0268,2025-09-01,97.2
CUST-0268,2025-10-01,103.81
CUST-0268,2025-11-01,98.2
CUST-0268,2025-12-01,111.13
CUST-0268,2026-01-01,98.36
CUST-0268,2026-02-01,100.42
CUST-0268,2026-03-01,106.5
CUST-0268,2026-04-01,102.31
CUST-0268,2026-05-01,98.41
CUST-0268,2026-06-01,109.02
CUST-0268,2026-07-01,91.97
CUST-0268,2026-08-01,91.04
CUST-0269,2025-09-01,49.47
CUST-0269,2025-10-01,51.31
CUST-0269,2025-11-01,50.81
CUST-0269,2025-12-01,48.24
CUST-0269,2026-01-01,49.24
CUST-0269,2026-02-01,49.44
CUST-0269,2026-03-01,51.38
CUST-0269,2026-04-01,47.56
CUST-0269,2026-05-01,53.92
CUST-0269,2026-06-01,48.37
CUST-0269,2026-07-01,49.87
CUST-0269,2026-08-01,47.58
CUST-0270,2025-09-01,44.7
CUST-0270,2025-10-01,45.5
CUST-0270,2025-11-01,45.32
CUST-0270,2025-12-01,46.37
CUST-0270,2026-01-01,45.3
CUST-0270,2026-02-01,48.46
CUST-0270,2026-03-01,45.67
CUST-0270,2026-04-01,45.46
CUST-0270,2026-05-01,46.41
CUST-0270,2026-06-01,49.02
CUST-0270,2026-07-01,47.56
CUST-0270,2026-08-01,46.96
CUST-0271,2025-09-01,96.53
CUST-0271,2025-10-01,97.72
CUST-0271,2025-11-01,97.16
CUST-0271,2025-12-01,107.75
CUST-0271,2026-01-01,104.57
CUST-0271,2026-02-01,98.87
CUST-0271,2026-03-01,100.09
CUST-0271,2026-04-01,99.02
CUST-0271,2026-05-01,98.77
CUST-0271,2026-06-01,100.54
CUST-0271,2026-07-01,93.73
CUST-0271,2026-08-01,99.69
CUST-0272,2025-09-01,20.58
CUST-0272,2025-10-01,20.63
CUST-0272,2025-11-01,20.13
CUST-0272,2025-12-01,19.27
CUST-0272,2026-01-01,20.07
CUST-0272,2026-02-01,19.33
CUST-0272,2026-03-01,20.88
CUST-0272,2026-04-01,19.92
CUST-0272,2026-05-01,19.81
CUST-0272,2026-06-01,19.7
CUST-0272,2026-07-01,20.96
CUST-0272,2026-08-01,18.48
CUST-0273,2025-09-01,19.54
CUST-0273,2025-10-01,18.06
CUST-0273,2025-11-01,17.18
CUST-0273,2025-12-01,17.65
CUST-0273,2026-01-01,17.0
CUST-0273,2026-02-01,18.68
CUST-0273,2026-03-01,17.44
CUST-0273,2026-04-01,18.32
CUST-0273,2026-05-01,19.03
CUST-0273,2026-06-01,17.71
CUST-0273,2026-07-01,18.0
CUST-0273,2026-08-01,17.25
CUST-0274,2025-09-01,45.57
CUST-0274,2025-10-01,51.06
CUST-0274,2025-11-01,47.73
CUST-0274,2025-12-01,45.8
CUST-0274,2026-01-01,45.16
CUST-0274,2026-02-01,46.21
CUST-0274,2026-03-01,46.53
CUST-0274,2026-04-01,45.51
CUST-0274,2026-05-01,47.27
CUST-0274,2026-06-01,44.52
CUST-0274,2026-07-01,44.52
CUST-0274,2026-08-01,46.98
CUST-0275,2025-09-01,19.47
CUST-0275,2025-10-01,21.03
CUST-0275,2025-11-01,20.42
CUST-0275,2025-12-01,18.94
CUST-0275,2026-01-01,20.52
CUST-0275,2026-02-01,19.05
CUST-0275,2026-03-01,21.0
CUST-0275,2026-04-01,20.23
CUST-0275,2026-05-01,21.94
CUST-0275,2026-06-01,21.31
CUST-0275,2026-07-01,19.56
CUST-0275,2026-08-01,18.78
CUST-0276,2025-09-01,17.39
CUST-0276,2025-10-01,17.05
CUST-0276,2025-11-01,19.24
CUST-0276,2025-12-01,17.92
CUST-0276,2026-01-01,18.6
CUST-0276,2026-02-01,17.73
CUST-0276,2026-03-01,17.8
CUST-0276,2026-04-01,17.91
CUST-0276,2026-05-01,18.72
CUST-0276,2026-06-01,18.15
CUST-0276,2026-07-01,17.17
CUST-0276,2026-08-01,19.09
CUST-0277,2025-09-01,17.55
CUST-0277,2025-10-01,17.44
CUST-0277,2025-11-01,15.75
CUST-0277,2025-12-01,18.21
CUST-0277,2026-01-01,17.83
CUST-0277,2026-02-01,17.83
CUST-0277,2026-03-01,17.47
CUST-0277,2026-04-01,17.35
CUST-0277,2026-05-01,17.5
CUST-0277,2026-06-01,18.09
CUST-0277,2026-07-01,18.21
CUST-0277,2026-08-01,17.6
CUST-0278,2025-09-01,19.72
CUST-0278,2025-10-01,18.94
CUST-0278,2025-11-01,18.62
CUST-0278,2025-12-01,19.15
CUST-0278,2026-01-01,17.97
CUST-0278,2026-02-01,19.18
CUST-0278,2026-03-01,17.83
CUST-0278,2026-04-01,18.22
CUST-0278,2026-05-01,17.47
CUST-0278,2026-06-01,18.87
CUST-0278,2026-07-01,20.22
CUST-0278,2026-08-01,18.91
CUST-0279,2025-09-01,97.41
CUST-0279,2025-10-01,103.91
CUST-0279,2025-11-01,96.5
CUST-0279,2025-12-01,92.06
CUST-0279,2026-01-01,92.59
CUST-0279,2026-02-01,94.97
CUST-0279,2026-03-01,92.57
CUST-0279,2026-04-01,92.85
CUST-0279,2026-05-01,98.71
CUST-0279,2026-06-01,98.87
CUST-0279,2026-07-01,88.71
CUST-0279,2026-08-01,91.86
CUST-0280,2025-09-01,44.07
CUST-0280,2025-10-01,45.98
CUST-0280,2025-11-01,46.95
CUST-0280,2025-12-01,49.75
CUST-0280,2026-01-01,44.06
CUST-0280,2026-02-01,44.15
CUST-0280,2026-03-01,45.96
CUST-0280,2026-04-01,43.67
CUST-0280,2026-05-01,44.65
CUST-0280,2026-06-01,44.15
CUST-0280,2026-07-01,40.19
CUST-0280,2026-08-01,45.12
CUST-0281,2025-09-01,17.58
CUST-0281,2025-10-01,18.61
CUST-0281,2025-11-01,17.71
CUST-0281,2025-12-01,16.82
CUST-0281,2026-01-01,17.53
CUST-0281,2026-02-01,16.23
CUST-0281,2026-03-01,16.85
CUST-0281,2026-04-01,18.16
CUST-0281,2026-05-01,17.53
CUST-0281,2026-06-01,17.71
CUST-0281,2026-07-01,15.0
CUST-0281,2026-08-01,15.57
CUST-0282,2025-09-01,39.93
CUST-0282,2025-10-01,42.26
CUST-0282,2025-11-01,41.8
CUST-0282,2025-12-01,41.75
CUST-0282,2026-01-01,43.21
CUST-0282,2026-02-01,40.1
CUST-0282,2026-03-01,42.87
CUST-0282,2026-04-01,39.0
CUST-0282,2026-05-01,38.94
CUST-0282,2026-06-01,41.93
CUST-0282,2026-07-01,38.25
CUST-0282,2026-08-01,41.63
CUST-0283,2025-09-01,47.02
CUST-0283,2025-10-01,48.84
CUST-0283,2025-11-01,46.72
CUST-0283,2025-12-01,46.93
CUST-0283,2026-01-01,47.78
CUST-0283,2026-02-01,45.59
CUST-0283,2026-03-01,45.51
CUST-0283,2026-04-01,47.72
CUST-0283,2026-05-01,46.78
CUST-0283,2026-06-01,44.32
CUST-0283,2026-07-01,43.18
CUST-0283,2026-08-01,44.58
CUST-0284,2025-09-01,43.51
CUST-0284,2025-10-01,43.46
CUST-0284,2025-11-01,41.27
CUST-0284,2025-12-01,44.22
CUST-0284,2026-01-01,45.46
CUST-0284,2026-02-01,45.78
CUST-0284,2026-03-01,44.49
CUST-0284,2026-04-01,45.99
CUST-0284,2026-05-01,45.6
CUST-0284,2026-06-01,46.27
CUST-0284,2026-07-01,46.04
CUST-0284,2026-08-01,47.08
CUST-0285,2025-09-01,85.64
CUST-0285,2025-10-01,81.65
CUST-0285,2025-11-01,88.52
CUST-0285,2025-12-01,88.92
CUST-0285,2026-01-01,91.65
CUST-0285,2026-02-01,90.65
CUST-0285,2026-03-01,92.94
CUST-0285,2026-04-01,88.37
CUST-0285,2026-05-01,87.02
CUST-0285,2026-06-01,81.45
CUST-0285,2026-07-01,87.29
CUST-0285,2026-08-01,84.32
CUST-0286,2025-09-01,103.0
CUST-0286,2025-10-01,102.36
CUST-0286,2025-11-01,104.07
CUST-0286,2025-12-01,101.74
CUST-0286,2026-01-01,105.96
CUST-0286,2026-02-01,91.01
CUST-0286,2026-03-01,102.92
CUST-0286,2026-04-01,107.05
CUST-0286,2026-05-01,109.78
CUST-0286,2026-06-01,105.13
CUST-0286,2026-07-01,109.02
CUST-0286,2026-08-01,102.83
CUST-0287,2025-09-01,17.9
CUST-0287,2025-10-01,18.28
CUST-0287,2025-11-01,17.9
CUST-0287,2025-12-01,17.34
CUST-0287,2026-01-01,17.53
CUST-0287,2026-02-01,17.1
CUST-0287,2026-03-01,18.28
CUST-0287,2026-04-01,17.91
CUST-0287,2026-05-01,17.64
CUST-0287,2026-06-01,17.49
CUST-0287,2026-07-01,18.26
CUST-0287,2026-08-01,18.46
CUST-0288,2025-09-01,18.32
CUST-0288,2025-10-01,18.2
CUST-0288,2025-11-01,19.92
CUST-0288,2025-12-01,18.13
CUST-0288,2026-01-01,19.61
CUST-0288,2026-02-01,20.43
CUST-0288,2026-03-01,20.43
CUST-0288,2026-04-01,19.76
CUST-0288,2026-05-01,19.73
CUST-0288,2026-06-01,20.92
CUST-0288,2026-07-01,17.4
CUST-0288,2026-08-01,18.83
CUST-0289,2025-09-01,45.18
CUST-0289,2025-10-01,43.11
CUST-0289,2025-11-01,45.87
CUST-0289,2025-12-01,43.63
CUST-0289,2026-01-01,43.93
CUST-0289,2026-02-01,43.22
CUST-0289,2026-03-01,42.79
CUST-0289,2026-04-01,42.74
CUST-0289,2026-05-01,44.17
CUST-0289,2026-06-01,42.35
CUST-0289,2026-07-01,45.37
CUST-0289,2026-08-01,44.84
CUST-0290,2025-09-01,47.48
CUST-0290,2025-10-01,43.43
CUST-0290,2025-11-01,42.39
CUST-0290,2025-12-01,45.47
CUST-0290,2026-01-01,50.75
CUST-0290,2026-02-01,47.78
CUST-0290,2026-03-01,44.47
CUST-0290,2026-04-01,46.25
CUST-0290,2026-05-01,46.8
CUST-0290,2026-06-01,42.99
CUST-0290,2026-07-01,47.97
CUST-0290,2026-08-01,45.18
CUST-0291,2025-09-01,50.26
CUST-0291,2025-10-01,50.49
CUST-0291,2025-11-01,52.75
CUST-0291,2025-12-01,48.92
CUST-0291,2026-01-01,47.0
CUST-0291,2026-02-01,51.09
CUST-0291,2026-03-01,46.32
CUST-0291,2026-04-01,49.83
CUST-0291,2026-05-01,52.83
CUST-0291,2026-06-01,51.61
CUST-0291,2026-07-01,52.54
CUST-0291,2026-08-01,51.69
CUST-0292,2025-09-01,55.33
CUST-0292,2025-10-01,49.27
CUST-0292,2025-11-01,51.26
CUST-0292,2025-12-01,49.58
CUST-0292,2026-01-01,52.39
CUST-0292,2026-02-01,50.34
CUST-0292,2026-03-01,53.93
CUST-0292,2026-04-01,49.39
CUST-0292,2026-05-01,53.3
CUST-0292,2026-06-01,51.66
CUST-0292,2026-07-01,50.39
CUST-0292,2026-08-01,51.55
CUST-0293,2025-09-01,47.71
CUST-0293,2025-10-01,47.89
CUST-0293,2025-11-01,46.83
CUST-0293,2025-12-01,45.89
CUST-0293,2026-01-01,46.59
CUST-0293,2026-02-01,44.04
CUST-0293,2026-03-01,48.81
CUST-0293,2026-04-01,44.89
CUST-0293,2026-05-01,46.81
CUST-0293,2026-06-01,48.44
CUST-0293,2026-07-01,48.81
CUST-0293,2026-08-01,43.87
CUST-0294,2025-09-01,19.08
CUST-0294,2025-10-01,19.5
CUST-0294,2025-11-01,19.19
CUST-0294,2025-12-01,20.18
CUST-0294,2026-01-01,18.52
CUST-0294,2026-02-01,17.58
CUST-0294,2026-03-01,19.77
CUST-0294,2026-04-01,18.74
CUST-0294,2026-05-01,17.8
CUST-0294,2026-06-01,18.31
CUST-0294,2026-07-01,18.65
CUST-0294,2026-08-01,16.02
CUST-0295,2025-09-01,23.06
CUST-0295,2025-10-01,20.38
CUST-0295,2025-11-01,21.16
CUST-0295,2025-12-01,20.06
CUST-0295,2026-01-01,21.13
CUST-0295,2026-02-01,20.98
CUST-0295,2026-03-01,19.83
CUST-0295,2026-04-01,23.47
CUST-0295,2026-05-01,20.67
CUST-0295,2026-06-01,20.67
CUST-0295,2026-07-01,21.91
CUST-0295,2026-08-01,22.62
CUST-0296,2025-09-01,19.84
CUST-0296,2025-10-01,18.07
CUST-0296,2025-11-01,19.14
CUST-0296,2025-12-01,17.55
CUST-0296,2026-01-01,19.66
CUST-0296,2026-02-01,17.74
CUST-0296,2026-03-01,18.37
CUST-0296,2026-04-01,18.98
CUST-0296,2026-05-01,19.32
CUST-0296,2026-06-01,18.78
CUST-0296,2026-07-01,20.13
CUST-0296,2026-08-01,19.53
CUST-0297,2025-09-01,18.81
CUST-0297,2025-10-01,17.44
CUST-0297,2025-11-01,19.59
CUST-0297,2025-12-01,17.75
CUST-0297,2026-01-01,19.61
CUST-0297,2026-02-01,19.82
CUST-0297,2026-03-01,18.72
CUST-0297,2026-04-01,19.1
CUST-0297,2026-05-01,16.08
CUST-0297,2026-06-01,18.2
CUST-0297,2026-07-01,19.15
CUST-0297,2026-08-01,19.02
CUST-0298,2025-09-01,17.91
CUST-0298,2025-10-01,18.61
CUST-0298,2025-11-01,16.92
CUST-0298,2025-12-01,19.14
CUST-0298,2026-01-01,17.41
CUST-0298,2026-02-01,19.68
CUST-0298,2026-03-01,19.72
CUST-0298,2026-04-01,18.47
CUST-0298,2026-05-01,19.22
CUST-0298,2026-06-01,18.67
CUST-0298,2026-07-01,19.01
CUST-0298,2026-08-01,17.97
CUST-0299,2025-09-01,47.92
CUST-0299,2025-10-01,43.69
CUST-0299,2025-11-01,43.34
CUST-0299,2025-12-01,46.53
CUST-0299,2026-01-01,46.36
CUST-0299,2026-02-01,47.27
CUST-0299,2026-03-01,45.55
CUST-0299,2026-04-01,50.29
CUST-0299,2026-05-01,47.06
CUST-0299,2026-06-01,47.2
CUST-0299,2026-07-01,47.13
CUST-0299,2026-08-01,48.64
CUST-0300,2025-09-01,18.32
CUST-0300,2025-10-01,18.23
CUST-0300,2025-11-01,18.44
CUST-0300,2025-12-01,16.6
CUST-0300,2026-01-01,16.63
CUST-0300,2026-02-01,17.86
CUST-0300,2026-03-01,17.77
CUST-0300,2026-04-01,18.33
CUST-0300,2026-05-01,17.92
CUST-0300,2026-06-01,18.33
CUST-0300,2026-07-01,17.02
CUST-0300,2026-08-01,17.9
CUST-0301,2025-09-01,17.05
CUST-0301,2025-10-01,18.3
CUST-0301,2025-11-01,16.67
CUST-0301,2025-12-01,18.27
CUST-0301,2026-01-01,16.96
CUST-0301,2026-02-01,17.74
CUST-0301,2026-03-01,18.67
CUST-0301,2026-04-01,18.18
CUST-0301,2026-05-01,16.83
CUST-0301,2026-06-01,17.54
CUST-0301,2026-07-01,16.94
CUST-0301,2026-08-01,16.8
CUST-0302,2025-09-01,45.67
CUST-0302,2025-10-01,46.48
CUST-0302,2025-11-01,46.26
CUST-0302,2025-12-01,46.56
CUST-0302,2026-01-01,45.44
CUST-0302,2026-02-01,44.96
CUST-0302,2026-03-01,43.51
CUST-0302,2026-04-01,44.66
CUST-0302,2026-05-01,43.06
CUST-0302,2026-06-01,43.92
CUST-0302,2026-07-01,45.62
CUST-0302,2026-08-01,45.25
CUST-0303,2025-09-01,47.13
CUST-0303,2025-10-01,39.72
CUST-0303,2025-11-01,41.77
CUST-0303,2025-12-01,39.59
CUST-0303,2026-01-01,41.33
CUST-0303,2026-02-01,41.4
CUST-0303,2026-03-01,43.4
CUST-0303,2026-04-01,41.22
CUST-0303,2026-05-01,41.66
CUST-0303,2026-06-01,41.26
CUST-0303,2026-07-01,39.63
CUST-0303,2026-08-01,40.88
CUST-0304,2025-09-01,17.65
CUST-0304,2025-10-01,17.97
CUST-0304,2025-11-01,18.32
CUST-0304,2025-12-01,17.75
CUST-0304,2026-01-01,17.74
CUST-0304,2026-02-01,16.69
CUST-0304,2026-03-01,18.31
CUST-0304,2026-04-01,17.42
CUST-0304,2026-05-01,18.46
CUST-0304,2026-06-01,18.86
CUST-0304,2026-07-01,17.79
CUST-0304,2026-08-01,17.19
CUST-0305,2025-09-01,98.11
CUST-0305,2025-10-01,99.55
CUST-0305,2025-11-01,96.94
CUST-0305,2025-12-01,95.96
CUST-0305,2026-01-01,100.39
CUST-0305,2026-02-01,100.13
CUST-0305,2026-03-01,96.82
CUST-0305,2026-04-01,91.68
CUST-0305,2026-05-01,99.97
CUST-0305,2026-06-01,95.17
CUST-0305,2026-07-01,99.02
CUST-0305,2026-08-01,98.77
CUST-0306,2025-09-01,88.93
CUST-0306,2025-10-01,96.51
CUST-0306,2025-11-01,98.18
CUST-0306,2025-12-01,98.65
CUST-0306,2026-01-01,96.65
CUST-0306,2026-02-01,88.59
CUST-0306,2026-03-01,101.11
CUST-0306,2026-04-01,97.78
CUST-0306,2026-05-01,91.57
CUST-0306,2026-06-01,93.17
CUST-0306,2026-07-01,97.09
CUST-0306,2026-08-01,98.82
CUST-0307,2025-09-01,45.24
CUST-0307,2025-10-01,47.66
CUST-0307,2025-11-01,42.83
CUST-0307,2025-12-01,44.22
CUST-0307,2026-01-01,42.33
CUST-0307,2026-02-01,44.48
CUST-0307,2026-03-01,48.92
CUST-0307,2026-04-01,49.94
CUST-0307,2026-05-01,46.57
CUST-0307,2026-06-01,44.96
CUST-0307,2026-07-01,45.73
CUST-0307,2026-08-01,47.01
CUST-0308,2025-09-01,46.08
CUST-0308,2025-10-01,48.02
CUST-0308,2025-11-01,51.97
CUST-0308,2025-12-01,47.09
CUST-0308,2026-01-01,47.68
CUST-0308,2026-02-01,49.18
CUST-0308,2026-03-01,49.71
CUST-0308,2026-04-01,47.92
CUST-0308,2026-05-01,49.3
CUST-0308,2026-06-01,50.35
CUST-0308,2026-07-01,53.01
CUST-0308,2026-08-01,48.9
CUST-0309,2025-09-01,19.81
CUST-0309,2025-10-01,21.05
CUST-0309,2025-11-01,19.4
CUST-0309,2025-12-01,18.79
CUST-0309,2026-01-01,20.04
CUST-0309,2026-02-01,20.69
CUST-0309,2026-03-01,20.13
CUST-0309,2026-04-01,19.76
CUST-0309,2026-05-01,18.69
CUST-0309,2026-06-01,19.79
CUST-0309,2026-07-01,20.82
CUST-0309,2026-08-01,18.86
CUST-0310,2025-09-01,87.79
CUST-0310,2025-10-01,87.29
CUST-0310,2025-11-01,86.19
CUST-0310,2025-12-01,89.54
CUST-0310,2026-01-01,90.23
CUST-0310,2026-02-01,90.19
CUST-0310,2026-03-01,85.2
CUST-0310,2026-04-01,82.82
CUST-0310,2026-05-01,89.59
CUST-0310,2026-06-01,86.87
CUST-0310,2026-07-01,95.18
CUST-0310,2026-08-01,95.34
CUST-0311,2025-09-01,20.92
CUST-0311,2025-10-01,18.65
CUST-0311,2025-11-01,19.82
CUST-0311,2025-12-01,20.06
CUST-0311,2026-01-01,19.97
CUST-0311,2026-02-01,19.11
CUST-0311,2026-03-01,20.37
CUST-0311,2026-04-01,19.38
CUST-0311,2026-05-01,19.48
CUST-0311,2026-06-01,18.19
CUST-0311,2026-07-01,19.88
CUST-0311,2026-08-01,19.18
CUST-0312,2025-09-01,98.11
CUST-0312,2025-10-01,97.23
CUST-0312,2025-11-01,97.02
CUST-0312,2025-12-01,96.14
CUST-0312,2026-01-01,99.35
CUST-0312,2026-02-01,95.55
CUST-0312,2026-03-01,90.71
CUST-0312,2026-04-01,98.51
CUST-0312,2026-05-01,93.2
CUST-0312,2026-06-01,91.22
CUST-0312,2026-07-01,92.38
CUST-0312,2026-08-01,97.41
CUST-0313,2025-09-01,45.18
CUST-0313,2025-10-01,41.49
CUST-0313,2025-11-01,44.66
CUST-0313,2025-12-01,47.48
CUST-0313,2026-01-01,44.54
CUST-0313,2026-02-01,45.06
CUST-0313,2026-03-01,47.25
CUST-0313,2026-04-01,46.8
CUST-0313,2026-05-01,47.21
CUST-0313,2026-06-01,40.33
CUST-0313,2026-07-01,48.51
CUST-0313,2026-08-01,46.51
CUST-0314,2025-09-01,20.2
CUST-0314,2025-10-01,17.81
CUST-0314,2025-11-01,17.09
CUST-0314,2025-12-01,18.4
CUST-0314,2026-01-01,18.19
CUST-0314,2026-02-01,18.87
CUST-0314,2026-03-01,19.18
CUST-0314,2026-04-01,18.33
CUST-0314,2026-05-01,18.21
CUST-0314,2026-06-01,18.77
CUST-0314,2026-07-01,18.2
CUST-0314,2026-08-01,18.14
CUST-0315,2025-09-01,20.64
CUST-0315,2025-10-01,20.82
CUST-0315,2025-11-01,20.68
CUST-0315,2025-12-01,19.69
CUST-0315,2026-01-01,18.12
CUST-0315,2026-02-01,19.7
CUST-0315,2026-03-01,19.22
CUST-0315,2026-04-01,19.72
CUST-0315,2026-05-01,19.29
CUST-0315,2026-06-01,19.8
CUST-0315,2026-07-01,19.0
CUST-0315,2026-08-01,18.8
CUST-0316,2025-09-01,47.9
CUST-0316,2025-10-01,43.9
CUST-0316,2025-11-01,45.67
CUST-0316,2025-12-01,47.41
CUST-0316,2026-01-01,47.34
CUST-0316,2026-02-01,47.12
CUST-0316,2026-03-01,46.22
CUST-0316,2026-04-01,46.99
CUST-0316,2026-05-01,48.18
CUST-0316,2026-06-01,46.45
CUST-0316,2026-07-01,42.31
CUST-0316,2026-08-01,44.7
CUST-0317,2025-09-01,46.66
CUST-0317,2025-10-01,44.26
CUST-0317,2025-11-01,48.34
CUST-0317,2025-12-01,45.29
CUST-0317,2026-01-01,45.55
CUST-0317,2026-02-01,47.44
CUST-0317,2026-03-01,45.07
CUST-0317,2026-04-01,45.72
CUST-0317,2026-05-01,47.03
CUST-0317,2026-06-01,42.73
CUST-0317,2026-07-01,44.88
CUST-0317,2026-08-01,46.91
CUST-0318,2025-09-01,18.96
CUST-0318,2025-10-01,20.02
CUST-0318,2025-11-01,17.72
CUST-0318,2025-12-01,17.63
CUST-0318,2026-01-01,19.49
CUST-0318,2026-02-01,19.56
CUST-0318,2026-03-01,18.76
CUST-0318,2026-04-01,19.21
CUST-0318,2026-05-01,19.47
CUST-0318,2026-06-01,18.29
CUST-0318,2026-07-01,18.38
CUST-0318,2026-08-01,19.05
CUST-0319,2025-09-01,48.82
CUST-0319,2025-10-01,44.92
CUST-0319,2025-11-01,46.75
CUST-0319,2025-12-01,46.66
CUST-0319,2026-01-01,47.91
CUST-0319,2026-02-01,47.1
CUST-0319,2026-03-01,46.09
CUST-0319,2026-04-01,49.47
CUST-0319,2026-05-01,46.1
CUST-0319,2026-06-01,46.57
CUST-0319,2026-07-01,44.12
CUST-0319,2026-08-01,45.77
CUST-0320,2025-09-01,106.41
CUST-0320,2025-10-01,105.6
CUST-0320,2025-11-01,106.76
CUST-0320,2025-12-01,106.56
CUST-0320,2026-01-01,112.97
CUST-0320,2026-02-01,101.14
CUST-0320,2026-03-01,97.51
CUST-0320,2026-04-01,99.88
CUST-0320,2026-05-01,101.33
CUST-0320,2026-06-01,100.2
CUST-0320,2026-07-01,104.65
CUST-0320,2026-08-01,109.48
CUST-0321,2025-09-01,50.32
CUST-0321,2025-10-01,48.36
CUST-0321,2025-11-01,51.46
CUST-0321,2025-12-01,46.72
CUST-0321,2026-01-01,44.3
CUST-0321,2026-02-01,49.4
CUST-0321,2026-03-01,43.91
CUST-0321,2026-04-01,45.97
CUST-0321,2026-05-01,48.39
CUST-0321,2026-06-01,45.26
CUST-0321,2026-07-01,43.16
CUST-0321,2026-08-01,39.34
CUST-0322,2025-09-01,45.07
CUST-0322,2025-10-01,46.9
CUST-0322,2025-11-01,45.13
CUST-0322,2025-12-01,43.59
CUST-0322,2026-01-01,42.84
CUST-0322,2026-02-01,43.63
CUST-0322,2026-03-01,45.8
CUST-0322,2026-04-01,45.71
CUST-0322,2026-05-01,43.65
CUST-0322,2026-06-01,41.1
CUST-0322,2026-07-01,45.85
CUST-0322,2026-08-01,43.47
CUST-0323,2025-09-01,19.7
CUST-0323,2025-10-01,18.59
CUST-0323,2025-11-01,18.41
CUST-0323,2025-12-01,19.29
CUST-0323,2026-01-01,20.98
CUST-0323,2026-02-01,19.74
CUST-0323,2026-03-01,19.27
CUST-0323,2026-04-01,19.45
CUST-0323,2026-05-01,17.83
CUST-0323,2026-06-01,18.31
CUST-0323,2026-07-01,17.24
CUST-0323,2026-08-01,20.5
CUST-0324,2025-09-01,50.42
CUST-0324,2025-10-01,48.27
CUST-0324,2025-11-01,47.78
CUST-0324,2025-12-01,44.57
CUST-0324,2026-01-01,47.1
CUST-0324,2026-02-01,50.93
CUST-0324,2026-03-01,47.77
CUST-0324,2026-04-01,46.45
CUST-0324,2026-05-01,44.18
CUST-0324,2026-06-01,50.14
CUST-0324,2026-07-01,47.39
CUST-0324,2026-08-01,44.18
CUST-0325,2025-09-01,16.67
CUST-0325,2025-10-01,16.43
CUST-0325,2025-11-01,17.22
CUST-0325,2025-12-01,17.45
CUST-0325,2026-01-01,16.96
CUST-0325,2026-02-01,17.85
CUST-0325,2026-03-01,17.36
CUST-0325,2026-04-01,18.05
CUST-0325,2026-05-01,17.06
CUST-0325,2026-06-01,19.42
CUST-0325,2026-07-01,16.92
CUST-0325,2026-08-01,16.68
CUST-0326,2025-09-01,94.58
CUST-0326,2025-10-01,97.8
CUST-0326,2025-11-01,91.85
CUST-0326,2025-12-01,99.79
CUST-0326,2026-01-01,91.11
CUST-0326,2026-02-01,99.27
CUST-0326,2026-03-01,93.3
CUST-0326,2026-04-01,97.13
CUST-0326,2026-05-01,101.02
CUST-0326,2026-06-01,107.72
CUST-0326,2026-07-01,94.38
CUST-0326,2026-08-01,98.04
CUST-0327,2025-09-01,17.45
CUST-0327,2025-10-01,17.34
CUST-0327,2025-11-01,17.46
CUST-0327,2025-12-01,18.56
CUST-0327,2026-01-01,17.62
CUST-0327,2026-02-01,19.59
CUST-0327,2026-03-01,18.27
CUST-0327,2026-04-01,17.24
CUST-0327,2026-05-01,17.71
CUST-0327,2026-06-01,17.39
CUST-0327,2026-07-01,18.55
CUST-0327,2026-08-01,16.79
CUST-0328,2025-09-01,41.23
CUST-0328,2025-10-01,42.54
CUST-0328,2025-11-01,44.76
CUST-0328,2025-12-01,45.72
CUST-0328,2026-01-01,45.98
CUST-0328,2026-02-01,44.49
CUST-0328,2026-03-01,43.43
CUST-0328,2026-04-01,44.95
CUST-0328,2026-05-01,41.58
CUST-0328,2026-06-01,40.36
CUST-0328,2026-07-01,44.33
CUST-0328,2026-08-01,41.82
CUST-0329,2025-09-01,16.87
CUST-0329,2025-10-01,16.99
CUST-0329,2025-11-01,17.08
CUST-0329,2025-12-01,17.54
CUST-0329,2026-01-01,17.47
CUST-0329,2026-02-01,17.04
CUST-0329,2026-03-01,16.61
CUST-0329,2026-04-01,16.98
CUST-0329,2026-05-01,16.51
CUST-0329,2026-06-01,16.78
CUST-0329,2026-07-01,18.68
CUST-0329,2026-08-01,17.03
CUST-0330,2025-09-01,19.19
CUST-0330,2025-10-01,18.32
CUST-0330,2025-11-01,19.62
CUST-0330,2025-12-01,19.42
CUST-0330,2026-01-01,19.43
CUST-0330,2026-02-01,19.01
CUST-0330,2026-03-01,19.63
CUST-0330,2026-04-01,19.81
CUST-0330,2026-05-01,19.06
CUST-0330,2026-06-01,18.07
CUST-0330,2026-07-01,18.14
CUST-0330,2026-08-01,16.1
CUST-0331,2025-09-01,44.85
CUST-0331,2025-10-01,46.08
CUST-0331,2025-11-01,42.96
CUST-0331,2025-12-01,47.71
CUST-0331,2026-01-01,44.4
CUST-0331,2026-02-01,45.31
CUST-0331,2026-03-01,45.79
CUST-0331,2026-04-01,46.25
CUST-0331,2026-05-01,45.55
CUST-0331,2026-06-01,46.06
CUST-0331,2026-07-01,46.07
CUST-0331,2026-08-01,45.35
CUST-0332,2025-09-01,48.31
CUST-0332,2025-10-01,52.01
CUST-0332,2025-11-01,45.65
CUST-0332,2025-12-01,49.44
CUST-0332,2026-01-01,48.92
CUST-0332,2026-02-01,50.69
CUST-0332,2026-03-01,46.95
CUST-0332,2026-04-01,48.85
CUST-0332,2026-05-01,49.65
CUST-0332,2026-06-01,51.98
CUST-0332,2026-07-01,50.51
CUST-0332,2026-08-01,47.49
CUST-0333,2025-09-01,45.12
CUST-0333,2025-10-01,47.65
CUST-0333,2025-11-01,43.81
CUST-0333,2025-12-01,45.88
CUST-0333,2026-01-01,46.0
CUST-0333,2026-02-01,45.31
CUST-0333,2026-03-01,50.98
CUST-0333,2026-04-01,45.26
CUST-0333,2026-05-01,46.85
CUST-0333,2026-06-01,44.61
CUST-0333,2026-07-01,46.99
CUST-0333,2026-08-01,47.62
CUST-0334,2025-09-01,88.05
CUST-0334,2025-10-01,89.97
CUST-0334,2025-11-01,86.94
CUST-0334,2025-12-01,86.04
CUST-0334,2026-01-01,93.91
CUST-0334,2026-02-01,88.17
CUST-0334,2026-03-01,81.46
CUST-0334,2026-04-01,96.54
CUST-0334,2026-05-01,87.28
CUST-0334,2026-06-01,89.28
CUST-0334,2026-07-01,96.09
CUST-0334,2026-08-01,89.66
CUST-0335,2025-09-01,81.24
CUST-0335,2025-10-01,77.75
CUST-0335,2025-11-01,76.42
CUST-0335,2025-12-01,81.23
CUST-0335,2026-01-01,82.96
CUST-0335,2026-02-01,82.77
CUST-0335,2026-03-01,80.2
CUST-0335,2026-04-01,81.84
CUST-0335,2026-05-01,75.76
CUST-0335,2026-06-01,83.28
CUST-0335,2026-07-01,82.3
CUST-0335,2026-08-01,88.23
CUST-0336,2025-09-01,91.82
CUST-0336,2025-10-01,88.33
CUST-0336,2025-11-01,91.6
CUST-0336,2025-12-01,90.59
CUST-0336,2026-01-01,93.39
CUST-0336,2026-02-01,91.89
CUST-0336,2026-03-01,87.16
CUST-0336,2026-04-01,85.78
CUST-0336,2026-05-01,92.76
CUST-0336,2026-06-01,96.87
CUST-0336,2026-07-01,92.08
CUST-0336,2026-08-01,94.78
CUST-0337,2025-09-01,18.41
CUST-0337,2025-10-01,17.88
CUST-0337,2025-11-01,17.11
CUST-0337,2025-12-01,17.83
CUST-0337,2026-01-01,18.54
CUST-0337,2026-02-01,18.06
CUST-0337,2026-03-01,18.22
CUST-0337,2026-04-01,17.36
CUST-0337,2026-05-01,17.55
CUST-0337,2026-06-01,17.61
CUST-0337,2026-07-01,17.65
CUST-0337,2026-08-01,18.52
CUST-0338,2025-09-01,38.94
CUST-0338,2025-10-01,43.03
CUST-0338,2025-11-01,42.84
CUST-0338,2025-12-01,40.62
CUST-0338,2026-01-01,44.13
CUST-0338,2026-02-01,41.73
CUST-0338,2026-03-01,42.37
CUST-0338,2026-04-01,46.16
CUST-0338,2026-05-01,44.72
CUST-0338,2026-06-01,43.97
CUST-0338,2026-07-01,43.63
CUST-0338,2026-08-01,42.7
CUST-0339,2025-09-01,112.84
CUST-0339,2025-10-01,107.83
CUST-0339,2025-11-01,101.35
CUST-0339,2025-12-01,98.63
CUST-0339,2026-01-01,106.85
CUST-0339,2026-02-01,104.25
CUST-0339,2026-03-01,98.51
CUST-0339,2026-04-01,106.27
CUST-0339,2026-05-01,103.36
CUST-0339,2026-06-01,102.73
CUST-0339,2026-07-01,98.38
CUST-0339,2026-08-01,90.02
CUST-0340,2025-09-01,20.32
CUST-0340,2025-10-01,19.43
CUST-0340,2025-11-01,19.48
CUST-0340,2025-12-01,19.4
CUST-0340,2026-01-01,20.72
CUST-0340,2026-02-01,19.6
CUST-0340,2026-03-01,20.91
CUST-0340,2026-04-01,21.23
CUST-0340,2026-05-01,19.23
CUST-0340,2026-06-01,17.5
CUST-0340,2026-07-01,20.65
CUST-0340,2026-08-01,19.55
CUST-0341,2025-09-01,18.41
CUST-0341,2025-10-01,18.62
CUST-0341,2025-11-01,18.75
CUST-0341,2025-12-01,20.06
CUST-0341,2026-01-01,19.19
CUST-0341,2026-02-01,20.05
CUST-0341,2026-03-01,19.45
CUST-0341,2026-04-01,18.83
CUST-0341,2026-05-01,18.77
CUST-0341,2026-06-01,19.5
CUST-0341,2026-07-01,19.7
CUST-0341,2026-08-01,19.83
CUST-0342,2025-09-01,91.34
CUST-0342,2025-10-01,92.96
CUST-0342,2025-11-01,94.47
CUST-0342,2025-12-01,90.89
CUST-0342,2026-01-01,88.12
CUST-0342,2026-02-01,89.33
CUST-0342,2026-03-01,91.42
CUST-0342,2026-04-01,94.76
CUST-0342,2026-05-01,96.96
CUST-0342,2026-06-01,87.3
CUST-0342,2026-07-01,90.1
CUST-0342,2026-08-01,90.99
CUST-0343,2025-09-01,53.15
CUST-0343,2025-10-01,50.42
CUST-0343,2025-11-01,50.62
CUST-0343,2025-12-01,48.6
CUST-0343,2026-01-01,52.51
CUST-0343,2026-02-01,51.18
CUST-0343,2026-03-01,50.16
CUST-0343,2026-04-01,50.98
CUST-0343,2026-05-01,53.83
CUST-0343,2026-06-01,49.44
CUST-0343,2026-07-01,49.78
CUST-0343,2026-08-01,54.09
CUST-0344,2025-09-01,49.1
CUST-0344,2025-10-01,50.26
CUST-0344,2025-11-01,49.74
CUST-0344,2025-12-01,48.88
CUST-0344,2026-01-01,48.27
CUST-0344,2026-02-01,50.58
CUST-0344,2026-03-01,51.23
CUST-0344,2026-04-01,51.07
CUST-0344,2026-05-01,46.63
CUST-0344,2026-06-01,51.51
CUST-0344,2026-07-01,48.25
CUST-0344,2026-08-01,47.47
CUST-0345,2025-09-01,94.31
CUST-0345,2025-10-01,98.11
CUST-0345,2025-11-01,97.0
CUST-0345,2025-12-01,93.98
CUST-0345,2026-01-01,98.13
CUST-0345,2026-02-01,95.48
CUST-0345,2026-03-01,92.77
CUST-0345,2026-04-01,92.26
CUST-0345,2026-05-01,96.51
CUST-0345,2026-06-01,94.64
CUST-0345,2026-07-01,89.73
CUST-0345,2026-08-01,98.17
CUST-0346,2025-09-01,39.55
CUST-0346,2025-10-01,42.89
CUST-0346,2025-11-01,38.06
CUST-0346,2025-12-01,40.03
CUST-0346,2026-01-01,39.19
CUST-0346,2026-02-01,38.75
CUST-0346,2026-03-01,39.53
CUST-0346,2026-04-01,43.18
CUST-0346,2026-05-01,40.55
CUST-0346,2026-06-01,39.04
CUST-0346,2026-07-01,37.37
CUST-0346,2026-08-01,37.54
CUST-0347,2025-09-01,46.89
CUST-0347,2025-10-01,46.71
CUST-0347,2025-11-01,47.49
CUST-0347,2025-12-01,43.56
CUST-0347,2026-01-01,47.74
CUST-0347,2026-02-01,49.89
CUST-0347,2026-03-01,51.03
CUST-0347,2026-04-01,44.29
CUST-0347,2026-05-01,46.38
CUST-0347,2026-06-01,46.28
CUST-0347,2026-07-01,48.2
CUST-0347,2026-08-01,45.58
CUST-0348,2025-09-01,19.99
CUST-0348,2025-10-01,18.76
CUST-0348,2025-11-01,18.64
CUST-0348,2025-12-01,19.92
CUST-0348,2026-01-01,18.72
CUST-0348,2026-02-01,19.03
CUST-0348,2026-03-01,18.17
CUST-0348,2026-04-01,17.7
CUST-0348,2026-05-01,18.27
CUST-0348,2026-06-01,20.37
CUST-0348,2026-07-01,19.2
CUST-0348,2026-08-01,18.94
CUST-0349,2025-09-01,52.45
CUST-0349,2025-10-01,56.57
CUST-0349,2025-11-01,51.62
CUST-0349,2025-12-01,51.16
CUST-0349,2026-01-01,53.36
CUST-0349,2026-02-01,58.85
CUST-0349,2026-03-01,58.72
CUST-0349,2026-04-01,53.59
CUST-0349,2026-05-01,53.11
CUST-0349,2026-06-01,51.0
CUST-0349,2026-07-01,54.75
CUST-0349,2026-08-01,54.93
CUST-0350,2025-09-01,17.69
CUST-0350,2025-10-01,17.77
CUST-0350,2025-11-01,17.01
CUST-0350,2025-12-01,17.53
CUST-0350,2026-01-01,16.67
CUST-0350,2026-02-01,17.52
CUST-0350,2026-03-01,16.8
CUST-0350,2026-04-01,17.47
CUST-0350,2026-05-01,17.41
CUST-0350,2026-06-01,17.2
CUST-0350,2026-07-01,17.7
CUST-0350,2026-08-01,16.07
CUST-0351,2025-09-01,45.11
CUST-0351,2025-10-01,46.61
CUST-0351,2025-11-01,44.4
CUST-0351,2025-12-01,46.35
CUST-0351,2026-01-01,46.41
CUST-0351,2026-02-01,49.59
CUST-0351,2026-03-01,47.39
CUST-0351,2026-04-01,49.06
CUST-0351,2026-05-01,47.69
CUST-0351,2026-06-01,44.2
CUST-0351,2026-07-01,43.55
CUST-0351,2026-08-01,42.76
CUST-0352,2025-09-01,97.58
CUST-0352,2025-10-01,92.64
CUST-0352,2025-11-01,86.99
CUST-0352,2025-12-01,86.73
CUST-0352,2026-01-01,91.91
CUST-0352,2026-02-01,84.42
CUST-0352,2026-03-01,99.82
CUST-0352,2026-04-01,95.35
CUST-0352,2026-05-01,90.76
CUST-0352,2026-06-01,89.0
CUST-0352,2026-07-01,96.96
CUST-0352,2026-08-01,88.98
CUST-0353,2025-09-01,16.85
CUST-0353,2025-10-01,17.03
CUST-0353,2025-11-01,17.65
CUST-0353,2025-12-01,18.01
CUST-0353,2026-01-01,18.41
CUST-0353,2026-02-01,18.3
CUST-0353,2026-03-01,17.57
CUST-0353,2026-04-01,18.29
CUST-0353,2026-05-01,17.1
CUST-0353,2026-06-01,16.29
CUST-0353,2026-07-01,17.1
CUST-0353,2026-08-01,17.0
CUST-0354,2025-09-01,15.2
CUST-0354,2025-10-01,14.99
CUST-0354,2025-11-01,15.3
CUST-0354,2025-12-01,15.98
CUST-0354,2026-01-01,16.66
CUST-0354,2026-02-01,14.51
CUST-0354,2026-03-01,14.79
CUST-0354,2026-04-01,15.1
CUST-0354,2026-05-01,16.07
CUST-0354,2026-06-01,15.46
CUST-0354,2026-07-01,15.14
CUST-0354,2026-08-01,16.04
CUST-0355,2025-09-01,105.61
CUST-0355,2025-10-01,101.64
CUST-0355,2025-11-01,98.4
CUST-0355,2025-12-01,102.82
CUST-0355,2026-01-01,100.77
CUST-0355,2026-02-01,100.74
CUST-0355,2026-03-01,99.64
CUST-0355,2026-04-01,105.48
CUST-0355,2026-05-01,102.74
CUST-0355,2026-06-01,105.93
CUST-0355,2026-07-01,107.16
CUST-0355,2026-08-01,103.59
CUST-0356,2025-09-01,19.38
CUST-0356,2025-10-01,20.6
CUST-0356,2025-11-01,20.15
CUST-0356,2025-12-01,21.84
CUST-0356,2026-01-01,20.03
CUST-0356,2026-02-01,20.33
CUST-0356,2026-03-01,20.01
CUST-0356,2026-04-01,19.7
CUST-0356,2026-05-01,19.58
CUST-0356,2026-06-01,20.01
CUST-0356,2026-07-01,20.19
CUST-0356,2026-08-01,20.69
CUST-0357,2025-09-01,48.16
CUST-0357,2025-10-01,46.69
CUST-0357,2025-11-01,46.95
CUST-0357,2025-12-01,45.05
CUST-0357,2026-01-01,50.73
CUST-0357,2026-02-01,46.54
CUST-0357,2026-03-01,49.41
CUST-0357,2026-04-01,48.1
CUST-0357,2026-05-01,48.15
CUST-0357,2026-06-01,47.35
CUST-0357,2026-07-01,46.07
CUST-0357,2026-08-01,45.73
CUST-0358,2025-09-01,46.64
CUST-0358,2025-10-01,43.82
CUST-0358,2025-11-01,45.58
CUST-0358,2025-12-01,46.04
CUST-0358,2026-01-01,42.9
CUST-0358,2026-02-01,44.36
CUST-0358,2026-03-01,43.7
CUST-0358,2026-04-01,41.6
CUST-0358,2026-05-01,43.3
CUST-0358,2026-06-01,44.65
CUST-0358,2026-07-01,42.75
CUST-0358,2026-08-01,43.05
CUST-0359,2025-09-01,50.03
CUST-0359,2025-10-01,54.64
CUST-0359,2025-11-01,46.68
CUST-0359,2025-12-01,51.39
CUST-0359,2026-01-01,49.87
CUST-0359,2026-02-01,49.09
CUST-0359,2026-03-01,49.82
CUST-0359,2026-04-01,51.72
CUST-0359,2026-05-01,51.84
CUST-0359,2026-06-01,50.75
CUST-0359,2026-07-01,52.58
CUST-0359,2026-08-01,52.94
CUST-0360,2025-09-01,19.79
CUST-0360,2025-10-01,18.74
CUST-0360,2025-11-01,19.54
CUST-0360,2025-12-01,19.54
CUST-0360,2026-01-01,18.53
CUST-0360,2026-02-01,17.96
CUST-0360,2026-03-01,17.61
CUST-0360,2026-04-01,19.21
CUST-0360,2026-05-01,19.39
CUST-0360,2026-06-01,18.25
CUST-0360,2026-07-01,19.96
CUST-0360,2026-08-01,19.28
CUST-0361,2025-09-01,47.15
CUST-0361,2025-10-01,45.4
CUST-0361,2025-11-01,42.83
CUST-0361,2025-12-01,45.56
CUST-0361,2026-01-01,45.94
CUST-0361,2026-02-01,43.76
CUST-0361,2026-03-01,42.16
CUST-0361,2026-04-01,44.92
CUST-0361,2026-05-01,42.95
CUST-0361,2026-06-01,46.75
CUST-0361,2026-07-01,44.01
CUST-0361,2026-08-01,47.83
CUST-0362,2025-09-01,18.04
CUST-0362,2025-10-01,19.83
CUST-0362,2025-11-01,20.85
CUST-0362,2025-12-01,19.02
CUST-0362,2026-01-01,19.59
CUST-0362,2026-02-01,19.4
CUST-0362,2026-03-01,19.18
CUST-0362,2026-04-01,19.91
CUST-0362,2026-05-01,18.7
CUST-0362,2026-06-01,19.63
CUST-0362,2026-07-01,20.13
CUST-0362,2026-08-01,19.55
CUST-0363,2025-09-01,43.9
CUST-0363,2025-10-01,47.61
CUST-0363,2025-11-01,47.07
CUST-0363,2025-12-01,43.83
CUST-0363,2026-01-01,43.36
CUST-0363,2026-02-01,43.99
CUST-0363,2026-03-01,46.73
CUST-0363,2026-04-01,46.23
CUST-0363,2026-05-01,47.18
CUST-0363,2026-06-01,45.13
CUST-0363,2026-07-01,44.04
CUST-0363,2026-08-01,47.41
CUST-0364,2025-09-01,18.33
CUST-0364,2025-10-01,18.89
CUST-0364,2025-11-01,17.59
CUST-0364,2025-12-01,18.32
CUST-0364,2026-01-01,19.51
CUST-0364,2026-02-01,18.21
CUST-0364,2026-03-01,19.36
CUST-0364,2026-04-01,17.0
CUST-0364,2026-05-01,18.33
CUST-0364,2026-06-01,18.62
CUST-0364,2026-07-01,20.06
CUST-0364,2026-08-01,17.87
CUST-0365,2025-09-01,44.23
CUST-0365,2025-10-01,44.89
CUST-0365,2025-11-01,41.83
CUST-0365,2025-12-01,42.43
CUST-0365,2026-01-01,43.31
CUST-0365,2026-02-01,40.52
CUST-0365,2026-03-01,42.29
CUST-0365,2026-04-01,45.27
CUST-0365,2026-05-01,43.97
CUST-0365,2026-06-01,42.8
CUST-0365,2026-07-01,43.26
CUST-0365,2026-08-01,44.07
CUST-0366,2025-09-01,48.36
CUST-0366,2025-10-01,45.87
CUST-0366,2025-11-01,49.79
CUST-0366,2025-12-01,49.38
CUST-0366,2026-01-01,48.18
CUST-0366,2026-02-01,45.33
CUST-0366,2026-03-01,45.0
CUST-0366,2026-04-01,46.3
CUST-0366,2026-05-01,47.02
CUST-0366,2026-06-01,43.59
CUST-0366,2026-07-01,47.84
CUST-0366,2026-08-01,49.33
CUST-0367,2025-09-01,18.78
CUST-0367,2025-10-01,17.86
CUST-0367,2025-11-01,17.78
CUST-0367,2025-12-01,18.58
CUST-0367,2026-01-01,18.25
CUST-0367,2026-02-01,18.69
CUST-0367,2026-03-01,18.8
CUST-0367,2026-04-01,19.16
CUST-0367,2026-05-01,17.53
CUST-0367,2026-06-01,18.52
CUST-0367,2026-07-01,18.09
CUST-0367,2026-08-01,18.29
CUST-0368,2025-09-01,18.71
CUST-0368,2025-10-01,18.78
CUST-0368,2025-11-01,19.09
CUST-0368,2025-12-01,18.39
CUST-0368,2026-01-01,18.0
CUST-0368,2026-02-01,17.9
CUST-0368,2026-03-01,16.83
CUST-0368,2026-04-01,19.05
CUST-0368,2026-05-01,17.85
CUST-0368,2026-06-01,18.45
CUST-0368,2026-07-01,18.57
CUST-0368,2026-08-01,17.18
CUST-0369,2025-09-01,18.81
CUST-0369,2025-10-01,20.74
CUST-0369,2025-11-01,19.76
CUST-0369,2025-12-01,19.08
CUST-0369,2026-01-01,19.43
CUST-0369,2026-02-01,20.38
CUST-0369,2026-03-01,20.26
CUST-0369,2026-04-01,18.38
CUST-0369,2026-05-01,20.81
CUST-0369,2026-06-01,19.57
CUST-0369,2026-07-01,17.98
CUST-0369,2026-08-01,16.45
CUST-0370,2025-09-01,20.35
CUST-0370,2025-10-01,19.9
CUST-0370,2025-11-01,18.39
CUST-0370,2025-12-01,19.35
CUST-0370,2026-01-01,21.97
CUST-0370,2026-02-01,19.54
CUST-0370,2026-03-01,18.95
CUST-0370,2026-04-01,18.74
CUST-0370,2026-05-01,20.91
CUST-0370,2026-06-01,20.19
CUST-0370,2026-07-01,20.63
CUST-0370,2026-08-01,19.72
CUST-0371,2025-09-01,18.35
CUST-0371,2025-10-01,16.88
CUST-0371,2025-11-01,17.58
CUST-0371,2025-12-01,17.67
CUST-0371,2026-01-01,18.44
CUST-0371,2026-02-01,17.69
CUST-0371,2026-03-01,17.03
CUST-0371,2026-04-01,17.51
CUST-0371,2026-05-01,16.3
CUST-0371,2026-06-01,15.85
CUST-0371,2026-07-01,18.05
CUST-0371,2026-08-01,17.21
CUST-0372,2025-09-01,100.65
CUST-0372,2025-10-01,105.09
CUST-0372,2025-11-01,107.39
CUST-0372,2025-12-01,103.88
CUST-0372,2026-01-01,109.55
CUST-0372,2026-02-01,103.76
CUST-0372,2026-03-01,102.94
CUST-0372,2026-04-01,102.69
CUST-0372,2026-05-01,96.48
CUST-0372,2026-06-01,101.87
CUST-0372,2026-07-01,84.3
CUST-0372,2026-08-01,88.13
CUST-0373,2025-09-01,42.36
CUST-0373,2025-10-01,40.98
CUST-0373,2025-11-01,41.56
CUST-0373,2025-12-01,45.43
CUST-0373,2026-01-01,44.19
CUST-0373,2026-02-01,41.16
CUST-0373,2026-03-01,41.53
CUST-0373,2026-04-01,40.16
CUST-0373,2026-05-01,43.51
CUST-0373,2026-06-01,41.9
CUST-0373,2026-07-01,38.99
CUST-0373,2026-08-01,42.49
CUST-0374,2025-09-01,97.68
CUST-0374,2025-10-01,99.69
CUST-0374,2025-11-01,95.71
CUST-0374,2025-12-01,94.56
CUST-0374,2026-01-01,103.62
CUST-0374,2026-02-01,96.02
CUST-0374,2026-03-01,98.75
CUST-0374,2026-04-01,93.92
CUST-0374,2026-05-01,98.64
CUST-0374,2026-06-01,90.4
CUST-0374,2026-07-01,94.22
CUST-0374,2026-08-01,91.35
CUST-0375,2025-09-01,96.95
CUST-0375,2025-10-01,104.32
CUST-0375,2025-11-01,96.92
CUST-0375,2025-12-01,102.2
CUST-0375,2026-01-01,105.38
CUST-0375,2026-02-01,99.24
CUST-0375,2026-03-01,103.3
CUST-0375,2026-04-01,101.46
CUST-0375,2026-05-01,99.81
CUST-0375,2026-06-01,102.33
CUST-0375,2026-07-01,106.66
CUST-0375,2026-08-01,96.82
CUST-0376,2025-09-01,17.24
CUST-0376,2025-10-01,17.2
CUST-0376,2025-11-01,18.64
CUST-0376,2025-12-01,18.74
CUST-0376,2026-01-01,17.54
CUST-0376,2026-02-01,16.4
CUST-0376,2026-03-01,17.45
CUST-0376,2026-04-01,18.32
CUST-0376,2026-05-01,17.88
CUST-0376,2026-06-01,18.06
CUST-0376,2026-07-01,17.55
CUST-0376,2026-08-01,18.66
CUST-0377,2025-09-01,47.92
CUST-0377,2025-10-01,48.38
CUST-0377,2025-11-01,47.57
CUST-0377,2025-12-01,48.26
CUST-0377,2026-01-01,48.14
CUST-0377,2026-02-01,45.52
CUST-0377,2026-03-01,47.98
CUST-0377,2026-04-01,48.77
CUST-0377,2026-05-01,49.45
CUST-0377,2026-06-01,48.06
CUST-0377,2026-07-01,45.44
CUST-0377,2026-08-01,45.74
CUST-0378,2025-09-01,93.71
CUST-0378,2025-10-01,96.09
CUST-0378,2025-11-01,94.9
CUST-0378,2025-12-01,91.08
CUST-0378,2026-01-01,91.06
CUST-0378,2026-02-01,87.36
CUST-0378,2026-03-01,83.47
CUST-0378,2026-04-01,94.87
CUST-0378,2026-05-01,104.22
CUST-0378,2026-06-01,102.22
CUST-0378,2026-07-01,91.64
CUST-0378,2026-08-01,95.94
CUST-0379,2025-09-01,42.41
CUST-0379,2025-10-01,42.69
CUST-0379,2025-11-01,42.89
CUST-0379,2025-12-01,44.64
CUST-0379,2026-01-01,44.72
CUST-0379,2026-02-01,45.51
CUST-0379,2026-03-01,46.25
CUST-0379,2026-04-01,44.44
CUST-0379,2026-05-01,45.12
CUST-0379,2026-06-01,43.08
CUST-0379,2026-07-01,42.63
CUST-0379,2026-08-01,42.35
CUST-0380,2025-09-01,49.51
CUST-0380,2025-10-01,47.61
CUST-0380,2025-11-01,44.65
CUST-0380,2025-12-01,48.14
CUST-0380,2026-01-01,45.85
CUST-0380,2026-02-01,51.47
CUST-0380,2026-03-01,47.14
CUST-0380,2026-04-01,49.58
CUST-0380,2026-05-01,50.36
CUST-0380,2026-06-01,46.42
CUST-0380,2026-07-01,48.41
CUST-0380,2026-08-01,49.33
CUST-0381,2025-09-01,46.77
CUST-0381,2025-10-01,47.22
CUST-0381,2025-11-01,44.07
CUST-0381,2025-12-01,47.58
CUST-0381,2026-01-01,45.64
CUST-0381,2026-02-01,47.2
CUST-0381,2026-03-01,48.26
CUST-0381,2026-04-01,47.8
CUST-0381,2026-05-01,47.2
CUST-0381,2026-06-01,47.75
CUST-0381,2026-07-01,47.83
CUST-0381,2026-08-01,49.33
CUST-0382,2025-09-01,18.34
CUST-0382,2025-10-01,18.49
CUST-0382,2025-11-01,19.05
CUST-0382,2025-12-01,18.01
CUST-0382,2026-01-01,17.39
CUST-0382,2026-02-01,18.73
CUST-0382,2026-03-01,18.22
CUST-0382,2026-04-01,17.48
CUST-0382,2026-05-01,18.74
CUST-0382,2026-06-01,19.42
CUST-0382,2026-07-01,17.17
CUST-0382,2026-08-01,19.12
CUST-0383,2025-09-01,41.11
CUST-0383,2025-10-01,45.02
CUST-0383,2025-11-01,49.12
CUST-0383,2025-12-01,45.15
CUST-0383,2026-01-01,45.91
CUST-0383,2026-02-01,47.15
CUST-0383,2026-03-01,42.61
CUST-0383,2026-04-01,45.88
CUST-0383,2026-05-01,45.87
CUST-0383,2026-06-01,49.16
CUST-0383,2026-07-01,43.49
CUST-0383,2026-08-01,45.05
CUST-0384,2025-09-01,94.9
CUST-0384,2025-10-01,94.48
CUST-0384,2025-11-01,103.0
CUST-0384,2025-12-01,98.67
CUST-0384,2026-01-01,96.37
CUST-0384,2026-02-01,96.52
CUST-0384,2026-03-01,96.34
CUST-0384,2026-04-01,96.69
CUST-0384,2026-05-01,93.58
CUST-0384,2026-06-01,97.54
CUST-0384,2026-07-01,97.14
CUST-0384,2026-08-01,95.57
CUST-0385,2025-09-01,104.64
CUST-0385,2025-10-01,105.0
CUST-0385,2025-11-01,101.68
CUST-0385,2025-12-01,103.4
CUST-0385,2026-01-01,112.98
CUST-0385,2026-02-01,112.82
CUST-0385,2026-03-01,99.61
CUST-0385,2026-04-01,100.2
CUST-0385,2026-05-01,99.59
CUST-0385,2026-06-01,108.4
CUST-0385,2026-07-01,102.34
CUST-0385,2026-08-01,105.0
CUST-0386,2025-09-01,20.2
CUST-0386,2025-10-01,18.7
CUST-0386,2025-11-01,19.24
CUST-0386,2025-12-01,19.1
CUST-0386,2026-01-01,18.27
CUST-0386,2026-02-01,19.5
CUST-0386,2026-03-01,18.07
CUST-0386,2026-04-01,19.71
CUST-0386,2026-05-01,18.27
CUST-0386,2026-06-01,18.35
CUST-0386,2026-07-01,17.9
CUST-0386,2026-08-01,18.02
CUST-0387,2025-09-01,47.65
CUST-0387,2025-10-01,43.77
CUST-0387,2025-11-01,48.03
CUST-0387,2025-12-01,47.49
CUST-0387,2026-01-01,50.01
CUST-0387,2026-02-01,49.3
CUST-0387,2026-03-01,47.11
CUST-0387,2026-04-01,47.59
CUST-0387,2026-05-01,48.03
CUST-0387,2026-06-01,51.36
CUST-0387,2026-07-01,46.89
CUST-0387,2026-08-01,47.08
CUST-0388,2025-09-01,17.25
CUST-0388,2025-10-01,17.0
CUST-0388,2025-11-01,18.29
CUST-0388,2025-12-01,18.22
CUST-0388,2026-01-01,19.0
CUST-0388,2026-02-01,18.82
CUST-0388,2026-03-01,19.8
CUST-0388,2026-04-01,18.02
CUST-0388,2026-05-01,17.88
CUST-0388,2026-06-01,17.13
CUST-0388,2026-07-01,18.57
CUST-0388,2026-08-01,18.16
CUST-0389,2025-09-01,106.75
CUST-0389,2025-10-01,99.3
CUST-0389,2025-11-01,105.5
CUST-0389,2025-12-01,104.89
CUST-0389,2026-01-01,104.62
CUST-0389,2026-02-01,101.2
CUST-0389,2026-03-01,108.99
CUST-0389,2026-04-01,112.57
CUST-0389,2026-05-01,99.42
CUST-0389,2026-06-01,107.04
CUST-0389,2026-07-01,92.06
CUST-0389,2026-08-01,106.82
CUST-0390,2025-09-01,16.06
CUST-0390,2025-10-01,17.0
CUST-0390,2025-11-01,16.45
CUST-0390,2025-12-01,17.21
CUST-0390,2026-01-01,17.94
CUST-0390,2026-02-01,16.07
CUST-0390,2026-03-01,17.11
CUST-0390,2026-04-01,17.0
CUST-0390,2026-05-01,18.46
CUST-0390,2026-06-01,17.66
CUST-0390,2026-07-01,16.54
CUST-0390,2026-08-01,17.03
CUST-0391,2025-09-01,107.0
CUST-0391,2025-10-01,103.61
CUST-0391,2025-11-01,97.03
CUST-0391,2025-12-01,99.65
CUST-0391,2026-01-01,99.78
CUST-0391,2026-02-01,98.56
CUST-0391,2026-03-01,93.84
CUST-0391,2026-04-01,98.0
CUST-0391,2026-05-01,106.33
CUST-0391,2026-06-01,99.19
CUST-0391,2026-07-01,100.31
CUST-0391,2026-08-01,101.3
CUST-0392,2025-09-01,96.66
CUST-0392,2025-10-01,88.81
CUST-0392,2025-11-01,92.66
CUST-0392,2025-12-01,86.66
CUST-0392,2026-01-01,87.86
CUST-0392,2026-02-01,88.82
CUST-0392,2026-03-01,86.03
CUST-0392,2026-04-01,88.06
CUST-0392,2026-05-01,91.93
CUST-0392,2026-06-01,85.94
CUST-0392,2026-07-01,88.78
CUST-0392,2026-08-01,91.3
CUST-0393,2025-09-01,17.41
CUST-0393,2025-10-01,18.79
CUST-0393,2025-11-01,18.05
CUST-0393,2025-12-01,17.88
CUST-0393,2026-01-01,16.55
CUST-0393,2026-02-01,17.73
CUST-0393,2026-03-01,18.27
CUST-0393,2026-04-01,19.26
CUST-0393,2026-05-01,18.41
CUST-0393,2026-06-01,18.81
CUST-0393,2026-07-01,17.13
CUST-0393,2026-08-01,17.91
CUST-0394,2025-09-01,19.32
CUST-0394,2025-10-01,17.77
CUST-0394,2025-11-01,19.13
CUST-0394,2025-12-01,18.96
CUST-0394,2026-01-01,18.62
CUST-0394,2026-02-01,18.18
CUST-0394,2026-03-01,17.69
CUST-0394,2026-04-01,19.73
CUST-0394,2026-05-01,18.89
CUST-0394,2026-06-01,18.67
CUST-0394,2026-07-01,18.12
CUST-0394,2026-08-01,18.45
CUST-0395,2025-09-01,101.21
CUST-0395,2025-10-01,102.16
CUST-0395,2025-11-01,103.5
CUST-0395,2025-12-01,97.4
CUST-0395,2026-01-01,94.65
CUST-0395,2026-02-01,100.89
CUST-0395,2026-03-01,93.52
CUST-0395,2026-04-01,99.25
CUST-0395,2026-05-01,98.5
CUST-0395,2026-06-01,102.53
CUST-0395,2026-07-01,108.52
CUST-0395,2026-08-01,92.73
CUST-0396,2025-09-01,18.84
CUST-0396,2025-10-01,17.11
CUST-0396,2025-11-01,17.51
CUST-0396,2025-12-01,16.29
CUST-0396,2026-01-01,17.96
CUST-0396,2026-02-01,17.3
CUST-0396,2026-03-01,17.23
CUST-0396,2026-04-01,15.93
CUST-0396,2026-05-01,17.32
CUST-0396,2026-06-01,17.85
CUST-0396,2026-07-01,17.11
CUST-0396,2026-08-01,18.08
CUST-0397,2025-09-01,48.64
CUST-0397,2025-10-01,45.34
CUST-0397,2025-11-01,49.5
CUST-0397,2025-12-01,46.61
CUST-0397,2026-01-01,46.62
CUST-0397,2026-02-01,46.71
CUST-0397,2026-03-01,46.66
CUST-0397,2026-04-01,41.63
CUST-0397,2026-05-01,46.18
CUST-0397,2026-06-01,43.99
CUST-0397,2026-07-01,49.56
CUST-0397,2026-08-01,49.48
CUST-0398,2025-09-01,103.94
CUST-0398,2025-10-01,99.55
CUST-0398,2025-11-01,96.46
CUST-0398,2025-12-01,97.87
CUST-0398,2026-01-01,108.32
CUST-0398,2026-02-01,97.73
CUST-0398,2026-03-01,91.04
CUST-0398,2026-04-01,104.65
CUST-0398,2026-05-01,106.54
CUST-0398,2026-06-01,107.18
CUST-0398,2026-07-01,104.68
CUST-0398,2026-08-01,105.34
CUST-0399,2025-09-01,48.74
CUST-0399,2025-10-01,44.6
CUST-0399,2025-11-01,48.69
CUST-0399,2025-12-01,49.85
CUST-0399,2026-01-01,48.38
CUST-0399,2026-02-01,48.29
CUST-0399,2026-03-01,46.76
CUST-0399,2026-04-01,46.69
CUST-0399,2026-05-01,52.22
CUST-0399,2026-06-01,52.29
CUST-0399,2026-07-01,48.63
CUST-0399,2026-08-01,49.19
CUST-0400,2025-09-01,21.41
CUST-0400,2025-10-01,22.85
CUST-0400,2025-11-01,23.85
CUST-0400,2025-12-01,20.92
CUST-0400,2026-01-01,22.69
CUST-0400,2026-02-01,22.76
CUST-0400,2026-03-01,22.75
CUST-0400,2026-04-01,23.74
CUST-0400,2026-05-01,24.09
CUST-0400,2026-06-01,22.07
CUST-0400,2026-07-01,22.88
CUST-0400,2026-08-01,22.36
CUST-0401,2025-09-01,48.44
CUST-0401,2025-10-01,50.24
CUST-0401,2025-11-01,51.03
CUST-0401,2025-12-01,50.13
CUST-0401,2026-01-01,47.95
CUST-0401,2026-02-01,48.78
CUST-0401,2026-03-01,48.79
CUST-0401,2026-04-01,48.03
CUST-0401,2026-05-01,50.32
CUST-0401,2026-06-01,48.73
CUST-0401,2026-07-01,48.05
CUST-0401,2026-08-01,42.6
CUST-0402,2025-09-01,18.21
CUST-0402,2025-10-01,19.8
CUST-0402,2025-11-01,18.52
CUST-0402,2025-12-01,18.66
CUST-0402,2026-01-01,18.51
CUST-0402,2026-02-01,19.48
CUST-0402,2026-03-01,19.51
CUST-0402,2026-04-01,19.47
CUST-0402,2026-05-01,18.66
CUST-0402,2026-06-01,17.99
CUST-0402,2026-07-01,20.08
CUST-0402,2026-08-01,19.28
CUST-0403,2025-09-01,104.09
CUST-0403,2025-10-01,112.07
CUST-0403,2025-11-01,103.76
CUST-0403,2025-12-01,112.01
CUST-0403,2026-01-01,112.3
CUST-0403,2026-02-01,102.12
CUST-0403,2026-03-01,108.5
CUST-0403,2026-04-01,109.35
CUST-0403,2026-05-01,117.12
CUST-0403,2026-06-01,102.88
CUST-0403,2026-07-01,112.11
CUST-0403,2026-08-01,106.1
CUST-0404,2025-09-01,16.39
CUST-0404,2025-10-01,17.17
CUST-0404,2025-11-01,17.25
CUST-0404,2025-12-01,16.52
CUST-0404,2026-01-01,17.47
CUST-0404,2026-02-01,17.91
CUST-0404,2026-03-01,17.41
CUST-0404,2026-04-01,16.88
CUST-0404,2026-05-01,17.15
CUST-0404,2026-06-01,17.25
CUST-0404,2026-07-01,17.4
CUST-0404,2026-08-01,18.02
CUST-0405,2025-09-01,17.37
CUST-0405,2025-10-01,16.22
CUST-0405,2025-11-01,16.79
CUST-0405,2025-12-01,17.29
CUST-0405,2026-01-01,17.95
CUST-0405,2026-02-01,18.07
CUST-0405,2026-03-01,18.4
CUST-0405,2026-04-01,17.27
CUST-0405,2026-05-01,17.7
CUST-0405,2026-06-01,16.18
CUST-0405,2026-07-01,17.48
CUST-0405,2026-08-01,16.44
CUST-0406,2025-09-01,19.8
CUST-0406,2025-10-01,22.26
CUST-0406,2025-11-01,20.09
CUST-0406,2025-12-01,19.16
CUST-0406,2026-01-01,20.17
CUST-0406,2026-02-01,19.44
CUST-0406,2026-03-01,19.09
CUST-0406,2026-04-01,21.52
CUST-0406,2026-05-01,20.7
CUST-0406,2026-06-01,20.12
CUST-0406,2026-07-01,19.54
CUST-0406,2026-08-01,19.6
CUST-0407,2025-09-01,104.49
CUST-0407,2025-10-01,99.63
CUST-0407,2025-11-01,86.28
CUST-0407,2025-12-01,107.95
CUST-0407,2026-01-01,99.14
CUST-0407,2026-02-01,99.77
CUST-0407,2026-03-01,102.7
CUST-0407,2026-04-01,100.25
CUST-0407,2026-05-01,101.36
CUST-0407,2026-06-01,96.75
CUST-0407,2026-07-01,93.58
CUST-0407,2026-08-01,99.52
CUST-0408,2025-09-01,18.34
CUST-0408,2025-10-01,16.9
CUST-0408,2025-11-01,16.84
CUST-0408,2025-12-01,18.2
CUST-0408,2026-01-01,17.03
CUST-0408,2026-02-01,17.07
CUST-0408,2026-03-01,17.09
CUST-0408,2026-04-01,17.3
CUST-0408,2026-05-01,16.26
CUST-0408,2026-06-01,16.98
CUST-0408,2026-07-01,17.51
CUST-0408,2026-08-01,17.5
CUST-0409,2025-09-01,101.53
CUST-0409,2025-10-01,104.18
CUST-0409,2025-11-01,102.91
CUST-0409,2025-12-01,100.59
CUST-0409,2026-01-01,96.46
CUST-0409,2026-02-01,94.62
CUST-0409,2026-03-01,97.11
CUST-0409,2026-04-01,99.31
CUST-0409,2026-05-01,100.23
CUST-0409,2026-06-01,99.46
CUST-0409,2026-07-01,96.57
CUST-0409,2026-08-01,100.09
CUST-0410,2025-09-01,55.21
CUST-0410,2025-10-01,54.41
CUST-0410,2025-11-01,52.49
CUST-0410,2025-12-01,50.81
CUST-0410,2026-01-01,50.76
CUST-0410,2026-02-01,51.13
CUST-0410,2026-03-01,53.1
CUST-0410,2026-04-01,53.65
CUST-0410,2026-05-01,49.59
CUST-0410,2026-06-01,51.5
CUST-0410,2026-07-01,53.07
CUST-0410,2026-08-01,50.67
CUST-0411,2025-09-01,97.48
CUST-0411,2025-10-01,94.64
CUST-0411,2025-11-01,93.05
CUST-0411,2025-12-01,96.02
CUST-0411,2026-01-01,97.32
CUST-0411,2026-02-01,92.57
CUST-0411,2026-03-01,94.89
CUST-0411,2026-04-01,97.61
CUST-0411,2026-05-01,92.9
CUST-0411,2026-06-01,89.47
CUST-0411,2026-07-01,89.93
CUST-0411,2026-08-01,94.22
CUST-0412,2025-09-01,80.86
CUST-0412,2025-10-01,84.17
CUST-0412,2025-11-01,91.04
CUST-0412,2025-12-01,80.65
CUST-0412,2026-01-01,84.4
CUST-0412,2026-02-01,92.64
CUST-0412,2026-03-01,86.75
CUST-0412,2026-04-01,84.1
CUST-0412,2026-05-01,84.82
CUST-0412,2026-06-01,86.83
CUST-0412,2026-07-01,91.15
CUST-0412,2026-08-01,83.55
CUST-0413,2025-09-01,83.44
CUST-0413,2025-10-01,81.3
CUST-0413,2025-11-01,86.4
CUST-0413,2025-12-01,81.21
CUST-0413,2026-01-01,84.45
CUST-0413,2026-02-01,82.92
CUST-0413,2026-03-01,89.75
CUST-0413,2026-04-01,84.3
CUST-0413,2026-05-01,87.42
CUST-0413,2026-06-01,80.53
CUST-0413,2026-07-01,86.5
CUST-0413,2026-08-01,81.91
CUST-0414,2025-09-01,85.14
CUST-0414,2025-10-01,94.27
CUST-0414,2025-11-01,89.84
CUST-0414,2025-12-01,86.17
CUST-0414,2026-01-01,97.69
CUST-0414,2026-02-01,83.44
CUST-0414,2026-03-01,90.65
CUST-0414,2026-04-01,81.3
CUST-0414,2026-05-01,85.76
CUST-0414,2026-06-01,81.94
CUST-0414,2026-07-01,87.5
CUST-0414,2026-08-01,86.8
CUST-0415,2025-09-01,17.2
CUST-0415,2025-10-01,18.17
CUST-0415,2025-11-01,17.02
CUST-0415,2025-12-01,17.64
CUST-0415,2026-01-01,17.98
CUST-0415,2026-02-01,16.38
CUST-0415,2026-03-01,16.89
CUST-0415,2026-04-01,17.45
CUST-0415,2026-05-01,17.85
CUST-0415,2026-06-01,18.4
CUST-0415,2026-07-01,17.26
CUST-0415,2026-08-01,17.19
CUST-0416,2025-09-01,45.41
CUST-0416,2025-10-01,47.67
CUST-0416,2025-11-01,46.49
CUST-0416,2025-12-01,46.53
CUST-0416,2026-01-01,46.87
CUST-0416,2026-02-01,48.09
CUST-0416,2026-03-01,45.99
CUST-0416,2026-04-01,45.6
CUST-0416,2026-05-01,47.86
CUST-0416,2026-06-01,41.36
CUST-0416,2026-07-01,45.91
CUST-0416,2026-08-01,44.88
CUST-0417,2025-09-01,54.06
CUST-0417,2025-10-01,50.67
CUST-0417,2025-11-01,50.42
CUST-0417,2025-12-01,51.48
CUST-0417,2026-01-01,50.35
CUST-0417,2026-02-01,50.75
CUST-0417,2026-03-01,51.78
CUST-0417,2026-04-01,50.71
CUST-0417,2026-05-01,50.69
CUST-0417,2026-06-01,49.5
CUST-0417,2026-07-01,49.2
CUST-0417,2026-08-01,51.71
CUST-0418,2025-09-01,50.73
CUST-0418,2025-10-01,47.26
CUST-0418,2025-11-01,51.64
CUST-0418,2025-12-01,51.65
CUST-0418,2026-01-01,52.07
CUST-0418,2026-02-01,50.72
CUST-0418,2026-03-01,51.4
CUST-0418,2026-04-01,54.5
CUST-0418,2026-05-01,49.52
CUST-0418,2026-06-01,48.02
CUST-0418,2026-07-01,47.04
CUST-0418,2026-08-01,53.64
CUST-0419,2025-09-01,98.95
CUST-0419,2025-10-01,88.99
CUST-0419,2025-11-01,89.72
CUST-0419,2025-12-01,91.21
CUST-0419,2026-01-01,96.94
CUST-0419,2026-02-01,87.65
CUST-0419,2026-03-01,85.14
CUST-0419,2026-04-01,100.42
CUST-0419,2026-05-01,93.56
CUST-0419,2026-06-01,94.09
CUST-0419,2026-07-01,91.65
CUST-0419,2026-08-01,94.13
CUST-0420,2025-09-01,82.49
CUST-0420,2025-10-01,84.86
CUST-0420,2025-11-01,88.18
CUST-0420,2025-12-01,79.83
CUST-0420,2026-01-01,86.75
CUST-0420,2026-02-01,86.53
CUST-0420,2026-03-01,86.75
CUST-0420,2026-04-01,85.87
CUST-0420,2026-05-01,84.31
CUST-0420,2026-06-01,81.41
CUST-0420,2026-07-01,88.32
CUST-0420,2026-08-01,86.76
CUST-0421,2025-09-01,47.54
CUST-0421,2025-10-01,50.44
CUST-0421,2025-11-01,49.72
CUST-0421,2025-12-01,49.38
CUST-0421,2026-01-01,45.97
CUST-0421,2026-02-01,51.68
CUST-0421,2026-03-01,47.83
CUST-0421,2026-04-01,50.44
CUST-0421,2026-05-01,48.68
CUST-0421,2026-06-01,49.53
CUST-0421,2026-07-01,52.63
CUST-0421,2026-08-01,51.38
CUST-0422,2025-09-01,45.38
CUST-0422,2025-10-01,43.99
CUST-0422,2025-11-01,44.11
CUST-0422,2025-12-01,40.33
CUST-0422,2026-01-01,42.87
CUST-0422,2026-02-01,43.03
CUST-0422,2026-03-01,45.55
CUST-0422,2026-04-01,42.54
CUST-0422,2026-05-01,43.88
CUST-0422,2026-06-01,43.81
CUST-0422,2026-07-01,45.43
CUST-0422,2026-08-01,43.19
CUST-0423,2025-09-01,47.54
CUST-0423,2025-10-01,42.88
CUST-0423,2025-11-01,43.05
CUST-0423,2025-12-01,41.82
CUST-0423,2026-01-01,47.47
CUST-0423,2026-02-01,47.26
CUST-0423,2026-03-01,47.67
CUST-0423,2026-04-01,44.77
CUST-0423,2026-05-01,44.98
CUST-0423,2026-06-01,45.8
CUST-0423,2026-07-01,48.68
CUST-0423,2026-08-01,49.14
CUST-0424,2025-09-01,19.9
CUST-0424,2025-10-01,19.55
CUST-0424,2025-11-01,20.32
CUST-0424,2025-12-01,19.09
CUST-0424,2026-01-01,18.99
CUST-0424,2026-02-01,19.19
CUST-0424,2026-03-01,18.53
CUST-0424,2026-04-01,19.15
CUST-0424,2026-05-01,18.43
CUST-0424,2026-06-01,20.08
CUST-0424,2026-07-01,19.71
CUST-0424,2026-08-01,20.39
CUST-0425,2025-09-01,16.75
CUST-0425,2025-10-01,19.28
CUST-0425,2025-11-01,16.79
CUST-0425,2025-12-01,17.06
CUST-0425,2026-01-01,17.47
CUST-0425,2026-02-01,18.86
CUST-0425,2026-03-01,18.08
CUST-0425,2026-04-01,17.75
CUST-0425,2026-05-01,17.35
CUST-0425,2026-06-01,16.93
CUST-0425,2026-07-01,18.73
CUST-0425,2026-08-01,18.49
CUST-0426,2025-09-01,19.01
CUST-0426,2025-10-01,18.32
CUST-0426,2025-11-01,16.12
CUST-0426,2025-12-01,17.13
CUST-0426,2026-01-01,18.37
CUST-0426,2026-02-01,17.76
CUST-0426,2026-03-01,17.63
CUST-0426,2026-04-01,17.23
CUST-0426,2026-05-01,18.71
CUST-0426,2026-06-01,18.36
CUST-0426,2026-07-01,18.39
CUST-0426,2026-08-01,17.57
CUST-0427,2025-09-01,19.04
CUST-0427,2025-10-01,17.9
CUST-0427,2025-11-01,18.81
CUST-0427,2025-12-01,17.0
CUST-0427,2026-01-01,17.72
CUST-0427,2026-02-01,18.67
CUST-0427,2026-03-01,20.71
CUST-0427,2026-04-01,17.55
CUST-0427,2026-05-01,17.97
CUST-0427,2026-06-01,19.07
CUST-0427,2026-07-01,20.25
CUST-0427,2026-08-01,19.06
CUST-0428,2025-09-01,18.02
CUST-0428,2025-10-01,17.29
CUST-0428,2025-11-01,17.17
CUST-0428,2025-12-01,17.59
CUST-0428,2026-01-01,17.07
CUST-0428,2026-02-01,18.04
CUST-0428,2026-03-01,16.4
CUST-0428,2026-04-01,18.15
CUST-0428,2026-05-01,17.56
CUST-0428,2026-06-01,17.38
CUST-0428,2026-07-01,16.38
CUST-0428,2026-08-01,16.84
CUST-0429,2025-09-01,51.37
CUST-0429,2025-10-01,48.61
CUST-0429,2025-11-01,49.57
CUST-0429,2025-12-01,47.3
CUST-0429,2026-01-01,48.96
CUST-0429,2026-02-01,46.33
CUST-0429,2026-03-01,49.22
CUST-0429,2026-04-01,49.75
CUST-0429,2026-05-01,49.65
CUST-0429,2026-06-01,47.25
CUST-0429,2026-07-01,48.35
CUST-0429,2026-08-01,50.07
CUST-0430,2025-09-01,47.55
CUST-0430,2025-10-01,47.41
CUST-0430,2025-11-01,51.61
CUST-0430,2025-12-01,46.14
CUST-0430,2026-01-01,50.03
CUST-0430,2026-02-01,45.74
CUST-0430,2026-03-01,49.22
CUST-0430,2026-04-01,49.32
CUST-0430,2026-05-01,46.98
CUST-0430,2026-06-01,45.62
CUST-0430,2026-07-01,44.18
CUST-0430,2026-08-01,46.78
CUST-0431,2025-09-01,101.45
CUST-0431,2025-10-01,95.08
CUST-0431,2025-11-01,99.75
CUST-0431,2025-12-01,93.49
CUST-0431,2026-01-01,98.43
CUST-0431,2026-02-01,94.8
CUST-0431,2026-03-01,99.05
CUST-0431,2026-04-01,97.37
CUST-0431,2026-05-01,94.63
CUST-0431,2026-06-01,96.74
CUST-0431,2026-07-01,95.65
CUST-0431,2026-08-01,94.14
CUST-0432,2025-09-01,49.21
CUST-0432,2025-10-01,46.49
CUST-0432,2025-11-01,43.01
CUST-0432,2025-12-01,45.99
CUST-0432,2026-01-01,48.9
CUST-0432,2026-02-01,45.73
CUST-0432,2026-03-01,50.0
CUST-0432,2026-04-01,45.55
CUST-0432,2026-05-01,48.12
CUST-0432,2026-06-01,49.13
CUST-0432,2026-07-01,48.02
CUST-0432,2026-08-01,44.58
CUST-0433,2025-09-01,17.3
CUST-0433,2025-10-01,18.82
CUST-0433,2025-11-01,17.4
CUST-0433,2025-12-01,18.68
CUST-0433,2026-01-01,17.67
CUST-0433,2026-02-01,18.08
CUST-0433,2026-03-01,16.98
CUST-0433,2026-04-01,17.54
CUST-0433,2026-05-01,17.35
CUST-0433,2026-06-01,18.14
CUST-0433,2026-07-01,18.05
CUST-0433,2026-08-01,18.31
CUST-0434,2025-09-01,17.24
CUST-0434,2025-10-01,16.94
CUST-0434,2025-11-01,17.72
CUST-0434,2025-12-01,16.87
CUST-0434,2026-01-01,18.35
CUST-0434,2026-02-01,17.51
CUST-0434,2026-03-01,17.36
CUST-0434,2026-04-01,17.92
CUST-0434,2026-05-01,17.54
CUST-0434,2026-06-01,16.42
CUST-0434,2026-07-01,16.84
CUST-0434,2026-08-01,18.33
CUST-0435,2025-09-01,18.48
CUST-0435,2025-10-01,17.18
CUST-0435,2025-11-01,18.68
CUST-0435,2025-12-01,18.01
CUST-0435,2026-01-01,17.78
CUST-0435,2026-02-01,17.58
CUST-0435,2026-03-01,19.16
CUST-0435,2026-04-01,16.97
CUST-0435,2026-05-01,17.8
CUST-0435,2026-06-01,18.51
CUST-0435,2026-07-01,19.58
CUST-0435,2026-08-01,18.83
CUST-0436,2025-09-01,97.26
CUST-0436,2025-10-01,106.83
CUST-0436,2025-11-01,95.21
CUST-0436,2025-12-01,101.74
CUST-0436,2026-01-01,102.63
CUST-0436,2026-02-01,97.12
CUST-0436,2026-03-01,103.48
CUST-0436,2026-04-01,98.6
CUST-0436,2026-05-01,103.47
CUST-0436,2026-06-01,93.26
CUST-0436,2026-07-01,102.02
CUST-0436,2026-08-01,99.01
CUST-0437,2025-09-01,16.0
CUST-0437,2025-10-01,15.27
CUST-0437,2025-11-01,16.06
CUST-0437,2025-12-01,15.61
CUST-0437,2026-01-01,15.22
CUST-0437,2026-02-01,15.78
CUST-0437,2026-03-01,15.79
CUST-0437,2026-04-01,15.59
CUST-0437,2026-05-01,13.9
CUST-0437,2026-06-01,14.7
CUST-0437,2026-07-01,16.15
CUST-0437,2026-08-01,14.53
CUST-0438,2025-09-01,48.74
CUST-0438,2025-10-01,48.41
CUST-0438,2025-11-01,45.71
CUST-0438,2025-12-01,43.32
CUST-0438,2026-01-01,46.01
CUST-0438,2026-02-01,50.99
CUST-0438,2026-03-01,45.45
CUST-0438,2026-04-01,45.58
CUST-0438,2026-05-01,45.2
CUST-0438,2026-06-01,49.37
CUST-0438,2026-07-01,46.62
CUST-0438,2026-08-01,45.9
CUST-0439,2025-09-01,99.81
CUST-0439,2025-10-01,96.66
CUST-0439,2025-11-01,91.0
CUST-0439,2025-12-01,89.85
CUST-0439,2026-01-01,98.85
CUST-0439,2026-02-01,94.53
CUST-0439,2026-03-01,88.62
CUST-0439,2026-04-01,87.73
CUST-0439,2026-05-01,90.25
CUST-0439,2026-06-01,89.79
CUST-0439,2026-07-01,86.74
CUST-0439,2026-08-01,90.32
CUST-0440,2025-09-01,95.74
CUST-0440,2025-10-01,97.55
CUST-0440,2025-11-01,106.12
CUST-0440,2025-12-01,98.33
CUST-0440,2026-01-01,98.72
CUST-0440,2026-02-01,101.41
CUST-0440,2026-03-01,98.45
CUST-0440,2026-04-01,100.98
CUST-0440,2026-05-01,100.51
CUST-0440,2026-06-01,99.88
CUST-0440,2026-07-01,110.39
CUST-0440,2026-08-01,103.01
CUST-0441,2025-09-01,16.89
CUST-0441,2025-10-01,17.91
CUST-0441,2025-11-01,17.09
CUST-0441,2025-12-01,17.97
CUST-0441,2026-01-01,16.68
CUST-0441,2026-02-01,16.87
CUST-0441,2026-03-01,17.89
CUST-0441,2026-04-01,18.35
CUST-0441,2026-05-01,18.0
CUST-0441,2026-06-01,18.25
CUST-0441,2026-07-01,17.91
CUST-0441,2026-08-01,17.77
CUST-0442,2025-09-01,19.77
CUST-0442,2025-10-01,20.84
CUST-0442,2025-11-01,21.01
CUST-0442,2025-12-01,20.13
CUST-0442,2026-01-01,20.09
CUST-0442,2026-02-01,21.46
CUST-0442,2026-03-01,20.16
CUST-0442,2026-04-01,20.24
CUST-0442,2026-05-01,20.57
CUST-0442,2026-06-01,20.1
CUST-0442,2026-07-01,19.52
CUST-0442,2026-08-01,20.49
CUST-0443,2025-09-01,18.94
CUST-0443,2025-10-01,20.37
CUST-0443,2025-11-01,19.57
CUST-0443,2025-12-01,18.52
CUST-0443,2026-01-01,19.52
CUST-0443,2026-02-01,19.2
CUST-0443,2026-03-01,19.96
CUST-0443,2026-04-01,18.57
CUST-0443,2026-05-01,19.11
CUST-0443,2026-06-01,18.89
CUST-0443,2026-07-01,19.01
CUST-0443,2026-08-01,18.3
CUST-0444,2025-09-01,19.82
CUST-0444,2025-10-01,19.69
CUST-0444,2025-11-01,20.37
CUST-0444,2025-12-01,19.36
CUST-0444,2026-01-01,19.05
CUST-0444,2026-02-01,19.98
CUST-0444,2026-03-01,18.75
CUST-0444,2026-04-01,20.21
CUST-0444,2026-05-01,20.21
CUST-0444,2026-06-01,20.34
CUST-0444,2026-07-01,19.66
CUST-0444,2026-08-01,18.99
CUST-0445,2025-09-01,19.46
CUST-0445,2025-10-01,19.67
CUST-0445,2025-11-01,18.95
CUST-0445,2025-12-01,20.41
CUST-0445,2026-01-01,19.83
CUST-0445,2026-02-01,18.69
CUST-0445,2026-03-01,20.84
CUST-0445,2026-04-01,19.46
CUST-0445,2026-05-01,18.53
CUST-0445,2026-06-01,18.74
CUST-0445,2026-07-01,20.53
CUST-0445,2026-08-01,20.79
CUST-0446,2025-09-01,50.04
CUST-0446,2025-10-01,50.64
CUST-0446,2025-11-01,50.44
CUST-0446,2025-12-01,49.17
CUST-0446,2026-01-01,48.73
CUST-0446,2026-02-01,49.14
CUST-0446,2026-03-01,49.52
CUST-0446,2026-04-01,46.67
CUST-0446,2026-05-01,49.51
CUST-0446,2026-06-01,50.91
CUST-0446,2026-07-01,47.7
CUST-0446,2026-08-01,47.5
CUST-0447,2025-09-01,92.36
CUST-0447,2025-10-01,88.27
CUST-0447,2025-11-01,85.86
CUST-0447,2025-12-01,94.79
CUST-0447,2026-01-01,89.0
CUST-0447,2026-02-01,90.7
CUST-0447,2026-03-01,88.42
CUST-0447,2026-04-01,95.26
CUST-0447,2026-05-01,93.72
CUST-0447,2026-06-01,89.76
CUST-0447,2026-07-01,86.35
CUST-0447,2026-08-01,89.37
CUST-0448,2025-09-01,49.89
CUST-0448,2025-10-01,49.15
CUST-0448,2025-11-01,48.99
CUST-0448,2025-12-01,49.19
CUST-0448,2026-01-01,50.26
CUST-0448,2026-02-01,48.7
CUST-0448,2026-03-01,49.66
CUST-0448,2026-04-01,46.85
CUST-0448,2026-05-01,53.76
CUST-0448,2026-06-01,48.23
CUST-0448,2026-07-01,49.18
CUST-0448,2026-08-01,49.89
CUST-0449,2025-09-01,45.55
CUST-0449,2025-10-01,46.32
CUST-0449,2025-11-01,46.3
CUST-0449,2025-12-01,44.62
CUST-0449,2026-01-01,47.12
CUST-0449,2026-02-01,43.25
CUST-0449,2026-03-01,49.56
CUST-0449,2026-04-01,47.78
CUST-0449,2026-05-01,47.49
CUST-0449,2026-06-01,43.09
CUST-0449,2026-07-01,44.84
CUST-0449,2026-08-01,48.88
CUST-0450,2025-09-01,23.06
CUST-0450,2025-10-01,20.73
CUST-0450,2025-11-01,20.6
CUST-0450,2025-12-01,20.2
CUST-0450,2026-01-01,19.11
CUST-0450,2026-02-01,20.57
CUST-0450,2026-03-01,18.91
CUST-0450,2026-04-01,18.82
CUST-0450,2026-05-01,18.77
CUST-0450,2026-06-01,20.55
CUST-0450,2026-07-01,19.73
CUST-0450,2026-08-01,19.86
CUST-0451,2025-09-01,101.79
CUST-0451,2025-10-01,97.26
CUST-0451,2025-11-01,99.12
CUST-0451,2025-12-01,99.32
CUST-0451,2026-01-01,96.12
CUST-0451,2026-02-01,99.8
CUST-0451,2026-03-01,97.44
CUST-0451,2026-04-01,104.2
CUST-0451,2026-05-01,104.54
CUST-0451,2026-06-01,92.72
CUST-0451,2026-07-01,92.93
CUST-0451,2026-08-01,97.84
CUST-0452,2025-09-01,44.71
CUST-0452,2025-10-01,47.33
CUST-0452,2025-11-01,46.74
CUST-0452,2025-12-01,48.57
CUST-0452,2026-01-01,47.09
CUST-0452,2026-02-01,45.74
CUST-0452,2026-03-01,46.66
CUST-0452,2026-04-01,46.69
CUST-0452,2026-05-01,46.37
CUST-0452,2026-06-01,44.08
CUST-0452,2026-07-01,48.85
CUST-0452,2026-08-01,48.53
CUST-0453,2025-09-01,100.92
CUST-0453,2025-10-01,104.05
CUST-0453,2025-11-01,104.37
CUST-0453,2025-12-01,100.45
CUST-0453,2026-01-01,97.46
CUST-0453,2026-02-01,102.49
CUST-0453,2026-03-01,103.82
CUST-0453,2026-04-01,99.25
CUST-0453,2026-05-01,106.07
CUST-0453,2026-06-01,110.22
CUST-0453,2026-07-01,108.87
CUST-0453,2026-08-01,104.79
CUST-0454,2025-09-01,87.85
CUST-0454,2025-10-01,97.54
CUST-0454,2025-11-01,95.39
CUST-0454,2025-12-01,96.44
CUST-0454,2026-01-01,102.17
CUST-0454,2026-02-01,91.7
CUST-0454,2026-03-01,83.93
CUST-0454,2026-04-01,90.83
CUST-0454,2026-05-01,96.67
CUST-0454,2026-06-01,94.93
CUST-0454,2026-07-01,90.22
CUST-0454,2026-08-01,89.44
CUST-0455,2025-09-01,17.09
CUST-0455,2025-10-01,16.48
CUST-0455,2025-11-01,17.7
CUST-0455,2025-12-01,17.05
CUST-0455,2026-01-01,16.91
CUST-0455,2026-02-01,16.81
CUST-0455,2026-03-01,17.52
CUST-0455,2026-04-01,17.37
CUST-0455,2026-05-01,17.48
CUST-0455,2026-06-01,17.46
CUST-0455,2026-07-01,17.29
CUST-0455,2026-08-01,16.62
CUST-0456,2025-09-01,15.24
CUST-0456,2025-10-01,15.45
CUST-0456,2025-11-01,17.0
CUST-0456,2025-12-01,14.85
CUST-0456,2026-01-01,15.44
CUST-0456,2026-02-01,15.76
CUST-0456,2026-03-01,15.51
CUST-0456,2026-04-01,16.37
CUST-0456,2026-05-01,15.51
CUST-0456,2026-06-01,15.55
CUST-0456,2026-07-01,16.21
CUST-0456,2026-08-01,16.84
CUST-0457,2025-09-01,17.12
CUST-0457,2025-10-01,16.12
CUST-0457,2025-11-01,16.18
CUST-0457,2025-12-01,16.24
CUST-0457,2026-01-01,16.31
CUST-0457,2026-02-01,15.66
CUST-0457,2026-03-01,16.82
CUST-0457,2026-04-01,16.34
CUST-0457,2026-05-01,16.18
CUST-0457,2026-06-01,15.39
CUST-0457,2026-07-01,16.25
CUST-0457,2026-08-01,14.98
CUST-0458,2025-09-01,48.62
CUST-0458,2025-10-01,48.66
CUST-0458,2025-11-01,50.35
CUST-0458,2025-12-01,53.52
CUST-0458,2026-01-01,50.92
CUST-0458,2026-02-01,52.66
CUST-0458,2026-03-01,51.06
CUST-0458,2026-04-01,52.02
CUST-0458,2026-05-01,53.48
CUST-0458,2026-06-01,48.32
CUST-0458,2026-07-01,48.19
CUST-0458,2026-08-01,51.11
CUST-0459,2025-09-01,94.98
CUST-0459,2025-10-01,95.83
CUST-0459,2025-11-01,94.05
CUST-0459,2025-12-01,92.72
CUST-0459,2026-01-01,101.15
CUST-0459,2026-02-01,90.81
CUST-0459,2026-03-01,97.6
CUST-0459,2026-04-01,96.98
CUST-0459,2026-05-01,88.99
CUST-0459,2026-06-01,91.83
CUST-0459,2026-07-01,92.47
CUST-0459,2026-08-01,97.14
CUST-0460,2025-09-01,16.86
CUST-0460,2025-10-01,17.05
CUST-0460,2025-11-01,16.11
CUST-0460,2025-12-01,18.7
CUST-0460,2026-01-01,17.16
CUST-0460,2026-02-01,17.45
CUST-0460,2026-03-01,16.74
CUST-0460,2026-04-01,16.66
CUST-0460,2026-05-01,18.42
CUST-0460,2026-06-01,15.8
CUST-0460,2026-07-01,17.3
CUST-0460,2026-08-01,16.28
CUST-0461,2025-09-01,49.5
CUST-0461,2025-10-01,49.04
CUST-0461,2025-11-01,48.34
CUST-0461,2025-12-01,50.39
CUST-0461,2026-01-01,45.15
CUST-0461,2026-02-01,49.68
CUST-0461,2026-03-01,50.14
CUST-0461,2026-04-01,47.58
CUST-0461,2026-05-01,53.37
CUST-0461,2026-06-01,49.12
CUST-0461,2026-07-01,49.84
CUST-0461,2026-08-01,49.13
CUST-0462,2025-09-01,54.01
CUST-0462,2025-10-01,57.03
CUST-0462,2025-11-01,59.55
CUST-0462,2025-12-01,55.81
CUST-0462,2026-01-01,56.55
CUST-0462,2026-02-01,57.91
CUST-0462,2026-03-01,54.73
CUST-0462,2026-04-01,57.59
CUST-0462,2026-05-01,55.91
CUST-0462,2026-06-01,52.52
CUST-0462,2026-07-01,50.98
CUST-0462,2026-08-01,44.29
CUST-0463,2025-09-01,20.56
CUST-0463,2025-10-01,19.07
CUST-0463,2025-11-01,19.0
CUST-0463,2025-12-01,20.48
CUST-0463,2026-01-01,19.41
CUST-0463,2026-02-01,20.31
CUST-0463,2026-03-01,20.43
CUST-0463,2026-04-01,20.47
CUST-0463,2026-05-01,19.59
CUST-0463,2026-06-01,21.05
CUST-0463,2026-07-01,20.25
CUST-0463,2026-08-01,20.68
CUST-0464,2025-09-01,17.86
CUST-0464,2025-10-01,18.63
CUST-0464,2025-11-01,19.58
CUST-0464,2025-12-01,19.49
CUST-0464,2026-01-01,18.16
CUST-0464,2026-02-01,18.35
CUST-0464,2026-03-01,18.02
CUST-0464,2026-04-01,18.27
CUST-0464,2026-05-01,17.71
CUST-0464,2026-06-01,18.66
CUST-0464,2026-07-01,19.24
CUST-0464,2026-08-01,18.17
CUST-0465,2025-09-01,43.96
CUST-0465,2025-10-01,43.73
CUST-0465,2025-11-01,45.98
CUST-0465,2025-12-01,43.04
CUST-0465,2026-01-01,43.1
CUST-0465,2026-02-01,42.63
CUST-0465,2026-03-01,42.11
CUST-0465,2026-04-01,45.05
CUST-0465,2026-05-01,43.88
CUST-0465,2026-06-01,44.22
CUST-0465,2026-07-01,46.37
CUST-0465,2026-08-01,46.47
CUST-0466,2025-09-01,47.8
CUST-0466,2025-10-01,52.5
CUST-0466,2025-11-01,51.63
CUST-0466,2025-12-01,50.23
CUST-0466,2026-01-01,51.84
CUST-0466,2026-02-01,47.64
CUST-0466,2026-03-01,54.16
CUST-0466,2026-04-01,52.22
CUST-0466,2026-05-01,49.4
CUST-0466,2026-06-01,49.97
CUST-0466,2026-07-01,47.68
CUST-0466,2026-08-01,50.53
CUST-0467,2025-09-01,45.67
CUST-0467,2025-10-01,44.1
CUST-0467,2025-11-01,48.02
CUST-0467,2025-12-01,48.95
CUST-0467,2026-01-01,46.52
CUST-0467,2026-02-01,46.0
CUST-0467,2026-03-01,47.38
CUST-0467,2026-04-01,46.53
CUST-0467,2026-05-01,44.55
CUST-0467,2026-06-01,45.35
CUST-0467,2026-07-01,46.02
CUST-0467,2026-08-01,47.03
CUST-0468,2025-09-01,18.68
CUST-0468,2025-10-01,18.83
CUST-0468,2025-11-01,17.53
CUST-0468,2025-12-01,19.17
CUST-0468,2026-01-01,18.67
CUST-0468,2026-02-01,20.58
CUST-0468,2026-03-01,18.38
CUST-0468,2026-04-01,18.91
CUST-0468,2026-05-01,20.78
CUST-0468,2026-06-01,18.81
CUST-0468,2026-07-01,18.62
CUST-0468,2026-08-01,17.93
CUST-0469,2025-09-01,49.48
CUST-0469,2025-10-01,44.47
CUST-0469,2025-11-01,47.43
CUST-0469,2025-12-01,45.75
CUST-0469,2026-01-01,46.28
CUST-0469,2026-02-01,43.97
CUST-0469,2026-03-01,49.14
CUST-0469,2026-04-01,46.11
CUST-0469,2026-05-01,44.36
CUST-0469,2026-06-01,48.97
CUST-0469,2026-07-01,45.69
CUST-0469,2026-08-01,47.25
CUST-0470,2025-09-01,19.94
CUST-0470,2025-10-01,19.66
CUST-0470,2025-11-01,17.6
CUST-0470,2025-12-01,19.83
CUST-0470,2026-01-01,19.21
CUST-0470,2026-02-01,19.04
CUST-0470,2026-03-01,19.21
CUST-0470,2026-04-01,18.05
CUST-0470,2026-05-01,19.44
CUST-0470,2026-06-01,18.24
CUST-0470,2026-07-01,19.07
CUST-0470,2026-08-01,19.41
CUST-0471,2025-09-01,106.11
CUST-0471,2025-10-01,98.4
CUST-0471,2025-11-01,107.65
CUST-0471,2025-12-01,105.59
CUST-0471,2026-01-01,99.99
CUST-0471,2026-02-01,97.23
CUST-0471,2026-03-01,95.86
CUST-0471,2026-04-01,102.85
CUST-0471,2026-05-01,98.74
CUST-0471,2026-06-01,106.62
CUST-0471,2026-07-01,98.97
CUST-0471,2026-08-01,98.07
CUST-0472,2025-09-01,19.05
CUST-0472,2025-10-01,18.35
CUST-0472,2025-11-01,18.88
CUST-0472,2025-12-01,19.61
CUST-0472,2026-01-01,18.96
CUST-0472,2026-02-01,18.96
CUST-0472,2026-03-01,19.02
CUST-0472,2026-04-01,17.59
CUST-0472,2026-05-01,19.17
CUST-0472,2026-06-01,18.99
CUST-0472,2026-07-01,19.54
CUST-0472,2026-08-01,19.33
CUST-0473,2025-09-01,18.74
CUST-0473,2025-10-01,19.67
CUST-0473,2025-11-01,18.67
CUST-0473,2025-12-01,19.08
CUST-0473,2026-01-01,18.65
CUST-0473,2026-02-01,19.24
CUST-0473,2026-03-01,18.61
CUST-0473,2026-04-01,20.13
CUST-0473,2026-05-01,20.41
CUST-0473,2026-06-01,19.55
CUST-0473,2026-07-01,20.05
CUST-0473,2026-08-01,17.73
CUST-0474,2025-09-01,44.46
CUST-0474,2025-10-01,46.53
CUST-0474,2025-11-01,47.22
CUST-0474,2025-12-01,46.77
CUST-0474,2026-01-01,44.04
CUST-0474,2026-02-01,49.31
CUST-0474,2026-03-01,51.2
CUST-0474,2026-04-01,49.56
CUST-0474,2026-05-01,49.19
CUST-0474,2026-06-01,47.57
CUST-0474,2026-07-01,45.55
CUST-0474,2026-08-01,47.28
CUST-0475,2025-09-01,56.34
CUST-0475,2025-10-01,51.23
CUST-0475,2025-11-01,51.01
CUST-0475,2025-12-01,54.26
CUST-0475,2026-01-01,54.4
CUST-0475,2026-02-01,50.2
CUST-0475,2026-03-01,51.42
CUST-0475,2026-04-01,50.92
CUST-0475,2026-05-01,52.1
CUST-0475,2026-06-01,54.25
CUST-0475,2026-07-01,50.29
CUST-0475,2026-08-01,54.22
CUST-0476,2025-09-01,47.85
CUST-0476,2025-10-01,52.09
CUST-0476,2025-11-01,48.27
CUST-0476,2025-12-01,47.48
CUST-0476,2026-01-01,48.76
CUST-0476,2026-02-01,47.02
CUST-0476,2026-03-01,44.24
CUST-0476,2026-04-01,47.2
CUST-0476,2026-05-01,47.17
CUST-0476,2026-06-01,44.62
CUST-0476,2026-07-01,47.52
CUST-0476,2026-08-01,43.72
CUST-0477,2025-09-01,52.47
CUST-0477,2025-10-01,53.73
CUST-0477,2025-11-01,53.42
CUST-0477,2025-12-01,52.34
CUST-0477,2026-01-01,53.03
CUST-0477,2026-02-01,51.54
CUST-0477,2026-03-01,53.23
CUST-0477,2026-04-01,53.33
CUST-0477,2026-05-01,51.29
CUST-0477,2026-06-01,53.78
CUST-0477,2026-07-01,53.77
CUST-0477,2026-08-01,52.86
CUST-0478,2025-09-01,106.49
CUST-0478,2025-10-01,96.54
CUST-0478,2025-11-01,96.01
CUST-0478,2025-12-01,95.45
CUST-0478,2026-01-01,93.32
CUST-0478,2026-02-01,99.75
CUST-0478,2026-03-01,94.42
CUST-0478,2026-04-01,94.88
CUST-0478,2026-05-01,95.0
CUST-0478,2026-06-01,89.66
CUST-0478,2026-07-01,83.07
CUST-0478,2026-08-01,84.47
CUST-0479,2025-09-01,54.83
CUST-0479,2025-10-01,53.4
CUST-0479,2025-11-01,56.29
CUST-0479,2025-12-01,54.57
CUST-0479,2026-01-01,54.09
CUST-0479,2026-02-01,56.97
CUST-0479,2026-03-01,52.77
CUST-0479,2026-04-01,53.11
CUST-0479,2026-05-01,52.96
CUST-0479,2026-06-01,56.25
CUST-0479,2026-07-01,52.99
CUST-0479,2026-08-01,51.61
CUST-0480,2025-09-01,51.51
CUST-0480,2025-10-01,48.69
CUST-0480,2025-11-01,51.4
CUST-0480,2025-12-01,51.16
CUST-0480,2026-01-01,49.95
CUST-0480,2026-02-01,51.47
CUST-0480,2026-03-01,47.33
CUST-0480,2026-04-01,50.66
CUST-0480,2026-05-01,49.4
CUST-0480,2026-06-01,56.09
CUST-0480,2026-07-01,50.64
CUST-0480,2026-08-01,49.13
CUST-0481,2025-09-01,48.48
CUST-0481,2025-10-01,53.99
CUST-0481,2025-11-01,50.59
CUST-0481,2025-12-01,49.69
CUST-0481,2026-01-01,52.0
CUST-0481,2026-02-01,52.64
CUST-0481,2026-03-01,52.61
CUST-0481,2026-04-01,51.35
CUST-0481,2026-05-01,51.64
CUST-0481,2026-06-01,51.79
CUST-0481,2026-07-01,52.0
CUST-0481,2026-08-01,52.18
CUST-0482,2025-09-01,17.71
CUST-0482,2025-10-01,17.01
CUST-0482,2025-11-01,16.42
CUST-0482,2025-12-01,16.87
CUST-0482,2026-01-01,17.48
CUST-0482,2026-02-01,15.76
CUST-0482,2026-03-01,15.76
CUST-0482,2026-04-01,17.59
CUST-0482,2026-05-01,18.0
CUST-0482,2026-06-01,16.11
CUST-0482,2026-07-01,17.04
CUST-0482,2026-08-01,16.7
CUST-0483,2025-09-01,44.48
CUST-0483,2025-10-01,45.5
CUST-0483,2025-11-01,42.63
CUST-0483,2025-12-01,42.96
CUST-0483,2026-01-01,44.41
CUST-0483,2026-02-01,44.69
CUST-0483,2026-03-01,42.93
CUST-0483,2026-04-01,46.37
CUST-0483,2026-05-01,44.2
CUST-0483,2026-06-01,44.19
CUST-0483,2026-07-01,45.46
CUST-0483,2026-08-01,44.72
CUST-0484,2025-09-01,20.05
CUST-0484,2025-10-01,18.68
CUST-0484,2025-11-01,18.32
CUST-0484,2025-12-01,19.16
CUST-0484,2026-01-01,19.45
CUST-0484,2026-02-01,18.44
CUST-0484,2026-03-01,18.32
CUST-0484,2026-04-01,19.54
CUST-0484,2026-05-01,18.81
CUST-0484,2026-06-01,18.27
CUST-0484,2026-07-01,20.15
CUST-0484,2026-08-01,18.91
CUST-0485,2025-09-01,52.27
CUST-0485,2025-10-01,50.03
CUST-0485,2025-11-01,50.56
CUST-0485,2025-12-01,49.55
CUST-0485,2026-01-01,44.66
CUST-0485,2026-02-01,47.7
CUST-0485,2026-03-01,49.72
CUST-0485,2026-04-01,50.7
CUST-0485,2026-05-01,46.39
CUST-0485,2026-06-01,47.96
CUST-0485,2026-07-01,43.91
CUST-0485,2026-08-01,44.72
CUST-0486,2025-09-01,18.76
CUST-0486,2025-10-01,19.33
CUST-0486,2025-11-01,19.57
CUST-0486,2025-12-01,19.11
CUST-0486,2026-01-01,19.42
CUST-0486,2026-02-01,18.51
CUST-0486,2026-03-01,20.89
CUST-0486,2026-04-01,17.85
CUST-0486,2026-05-01,18.37
CUST-0486,2026-06-01,19.45
CUST-0486,2026-07-01,19.34
CUST-0486,2026-08-01,19.14
CUST-0487,2025-09-01,98.27
CUST-0487,2025-10-01,87.71
CUST-0487,2025-11-01,101.77
CUST-0487,2025-12-01,94.91
CUST-0487,2026-01-01,100.46
CUST-0487,2026-02-01,87.91
CUST-0487,2026-03-01,96.67
CUST-0487,2026-04-01,93.53
CUST-0487,2026-05-01,97.88
CUST-0487,2026-06-01,96.9
CUST-0487,2026-07-01,97.09
CUST-0487,2026-08-01,91.64
CUST-0488,2025-09-01,51.1
CUST-0488,2025-10-01,50.85
CUST-0488,2025-11-01,52.23
CUST-0488,2025-12-01,53.25
CUST-0488,2026-01-01,51.53
CUST-0488,2026-02-01,48.61
CUST-0488,2026-03-01,51.44
CUST-0488,2026-04-01,56.57
CUST-0488,2026-05-01,54.59
CUST-0488,2026-06-01,45.13
CUST-0488,2026-07-01,51.35
CUST-0488,2026-08-01,53.13
CUST-0489,2025-09-01,103.99
CUST-0489,2025-10-01,102.82
CUST-0489,2025-11-01,103.63
CUST-0489,2025-12-01,107.06
CUST-0489,2026-01-01,99.94
CUST-0489,2026-02-01,109.73
CUST-0489,2026-03-01,104.52
CUST-0489,2026-04-01,100.83
CUST-0489,2026-05-01,109.46
CUST-0489,2026-06-01,98.28
CUST-0489,2026-07-01,102.42
CUST-0489,2026-08-01,102.35
CUST-0490,2025-09-01,52.32
CUST-0490,2025-10-01,46.87
CUST-0490,2025-11-01,44.04
CUST-0490,2025-12-01,47.07
CUST-0490,2026-01-01,49.07
CUST-0490,2026-02-01,49.7
CUST-0490,2026-03-01,52.58
CUST-0490,2026-04-01,50.9
CUST-0490,2026-05-01,48.55
CUST-0490,2026-06-01,46.47
CUST-0490,2026-07-01,51.32
CUST-0490,2026-08-01,47.48
CUST-0491,2025-09-01,16.73
CUST-0491,2025-10-01,16.89
CUST-0491,2025-11-01,16.32
CUST-0491,2025-12-01,16.86
CUST-0491,2026-01-01,17.02
CUST-0491,2026-02-01,17.68
CUST-0491,2026-03-01,16.91
CUST-0491,2026-04-01,16.31
CUST-0491,2026-05-01,16.08
CUST-0491,2026-06-01,17.32
CUST-0491,2026-07-01,17.23
CUST-0491,2026-08-01,16.8
CUST-0492,2025-09-01,98.79
CUST-0492,2025-10-01,102.23
CUST-0492,2025-11-01,106.27
CUST-0492,2025-12-01,97.53
CUST-0492,2026-01-01,101.03
CUST-0492,2026-02-01,104.53
CUST-0492,2026-03-01,97.54
CUST-0492,2026-04-01,100.61
CUST-0492,2026-05-01,100.52
CUST-0492,2026-06-01,95.39
CUST-0492,2026-07-01,101.35
CUST-0492,2026-08-01,100.8
CUST-0493,2025-09-01,50.51
CUST-0493,2025-10-01,47.06
CUST-0493,2025-11-01,49.43
CUST-0493,2025-12-01,52.14
CUST-0493,2026-01-01,53.52
CUST-0493,2026-02-01,51.94
CUST-0493,2026-03-01,47.08
CUST-0493,2026-04-01,50.3
CUST-0493,2026-05-01,48.46
CUST-0493,2026-06-01,49.97
CUST-0493,2026-07-01,47.88
CUST-0493,2026-08-01,46.02
CUST-0494,2025-09-01,49.77
CUST-0494,2025-10-01,51.93
CUST-0494,2025-11-01,51.05
CUST-0494,2025-12-01,51.28
CUST-0494,2026-01-01,50.91
CUST-0494,2026-02-01,51.29
CUST-0494,2026-03-01,51.54
CUST-0494,2026-04-01,49.92
CUST-0494,2026-05-01,50.64
CUST-0494,2026-06-01,53.99
CUST-0494,2026-07-01,50.76
CUST-0494,2026-08-01,50.56
CUST-0495,2025-09-01,44.73
CUST-0495,2025-10-01,44.16
CUST-0495,2025-11-01,43.77
CUST-0495,2025-12-01,44.92
CUST-0495,2026-01-01,43.65
CUST-0495,2026-02-01,44.29
CUST-0495,2026-03-01,43.14
CUST-0495,2026-04-01,44.74
CUST-0495,2026-05-01,45.59
CUST-0495,2026-06-01,44.17
CUST-0495,2026-07-01,40.97
CUST-0495,2026-08-01,45.6
CUST-0496,2025-09-01,49.79
CUST-0496,2025-10-01,47.58
CUST-0496,2025-11-01,51.08
CUST-0496,2025-12-01,46.78
CUST-0496,2026-01-01,51.62
CUST-0496,2026-02-01,49.44
CUST-0496,2026-03-01,45.05
CUST-0496,2026-04-01,49.9
CUST-0496,2026-05-01,48.74
CUST-0496,2026-06-01,48.45
CUST-0496,2026-07-01,48.09
CUST-0496,2026-08-01,49.3
CUST-0497,2025-09-01,91.86
CUST-0497,2025-10-01,86.72
CUST-0497,2025-11-01,98.45
CUST-0497,2025-12-01,92.76
CUST-0497,2026-01-01,90.94
CUST-0497,2026-02-01,89.45
CUST-0497,2026-03-01,96.57
CUST-0497,2026-04-01,88.81
CUST-0497,2026-05-01,94.18
CUST-0497,2026-06-01,91.49
CUST-0497,2026-07-01,91.71
CUST-0497,2026-08-01,89.54
CUST-0498,2025-09-01,49.32
CUST-0498,2025-10-01,50.59
CUST-0498,2025-11-01,51.05
CUST-0498,2025-12-01,48.98
CUST-0498,2026-01-01,50.39
CUST-0498,2026-02-01,52.37
CUST-0498,2026-03-01,47.21
CUST-0498,2026-04-01,50.56
CUST-0498,2026-05-01,48.65
CUST-0498,2026-06-01,48.44
CUST-0498,2026-07-01,51.1
CUST-0498,2026-08-01,49.47
CUST-0499,2025-09-01,16.3
CUST-0499,2025-10-01,18.04
CUST-0499,2025-11-01,17.76
CUST-0499,2025-12-01,15.81
CUST-0499,2026-01-01,16.12
CUST-0499,2026-02-01,17.54
CUST-0499,2026-03-01,16.93
CUST-0499,2026-04-01,18.16
CUST-0499,2026-05-01,17.55
CUST-0499,2026-06-01,17.34
CUST-0499,2026-07-01,16.43
CUST-0499,2026-08-01,17.47
CUST-0500,2025-09-01,44.53
CUST-0500,2025-10-01,49.37
CUST-0500,2025-11-01,47.71
CUST-0500,2025-12-01,45.37
CUST-0500,2026-01-01,48.43
CUST-0500,2026-02-01,51.13
CUST-0500,2026-03-01,46.51
CUST-0500,2026-04-01,47.95
CUST-0500,2026-05-01,46.11
CUST-0500,2026-06-01,47.08
CUST-0500,2026-07-01,44.09
CUST-0500,2026-08-01,46.92
